mayesh_product_id,mayesh_product_name,ibf_product_id,ibf_product_name,similarity_score
490587,Agapanthus Blue,b7bfd76a-e2e2-4f50-a71d-d12d3bfd7e14,Agapanthus Blue,1.0
500277,Amaranthus Hanging Green,a035bd55-23af-4c21-83b0-baef07669984,Amaranthus Hanging Green,1.0
513373,Anemone Red,f94664ba-fd1a-4c84-af02-92761b5d6451,Anemone Red,1.0
514550,Aspidistra Green,4bc3006d-c2c3-4f27-9725-9d5033c6568a,Aspidistra Green,1.0
514550,Aspidistra Green,4bc3006d-c2c3-4f27-9725-9d5033c6568a,Aspidistra Green,1.0
490412,Campanula Pink,4dfcae7b-b869-4e53-b242-065f9e29b4b5,Campanula Pink,1.0
490413,Campanula Purple,ab43b132-ced7-4644-b458-756d0015cc76,Campanula Purple,1.0
490411,Campanula White,dec568b5-e939-43a6-9354-368a663f6430,Campanula White,1.0
1562068,Dianthus Solomio Cas Light Pink,73bcc1a7-2e09-423d-ab4c-b439eebb6ad2,Dianthus Solomio Cas Light Pink,1.0
490142,Hypericum Coco Bamboo Green,530bcce3-3862-4ecf-928f-d8789518b83f,Hypericum Coco Bamboo Green,1.0
485289,Hypericum Coco Casino Pink,fd1a4d17-3895-4ba9-848d-5bd0333555cd,Hypericum Coco Casino Pink,1.0
988195,Hypericum Coco Rio Red,cc995092-dce0-4b1b-8a9c-7114e46ededb,Hypericum Coco Rio Red,1.0
988197,Hypericum Coco Rio Red,cc995092-dce0-4b1b-8a9c-7114e46ededb,Hypericum Coco Rio Red,1.0
988199,Hypericum Coco Uno White,3c70cb7c-f8f6-478c-8d04-4f2affb11260,Hypericum Coco Uno White,1.0
988203,Hypericum Coco Uno White,3c70cb7c-f8f6-478c-8d04-4f2affb11260,Hypericum Coco Uno White,1.0
485339,Hypericum Magical Victory Green,b26486e1-91af-474f-94a0-a34643d5c114,Hypericum Magical Victory Green,1.0
485340,Hypericum Magical Victory Green,b26486e1-91af-474f-94a0-a34643d5c114,Hypericum Magical Victory Green,1.0
485341,Hypericum Magical Victory Green,b26486e1-91af-474f-94a0-a34643d5c114,Hypericum Magical Victory Green,1.0
485276,Hypericum Red,c0fbd39f-e2b5-4075-8367-035a963da2e7,Hypericum Red,1.0
485277,Hypericum Red,c0fbd39f-e2b5-4075-8367-035a963da2e7,Hypericum Red,1.0
7558744,Iris Purple,77a17fe4-5483-4822-ae81-61aaa95856ed,Iris Purple,1.0
7407079,Iris White,228a76db-dd11-4c3f-a8dc-05fc2e1a6fdf,Iris White,1.0
513904,Larkspur Pink,fd216936-d6d6-4b11-8024-5585c8c78bf7,Larkspur Pink,1.0
513905,Larkspur Purple,040a963f-be56-4a95-982d-485ac6cb1c3f,Larkspur Purple,1.0
513905,Larkspur Purple,040a963f-be56-4a95-982d-485ac6cb1c3f,Larkspur Purple,1.0
491524,Larkspur White,3daa8270-b173-4d38-b29f-2bca8830208f,Larkspur White,1.0
491524,Larkspur White,3daa8270-b173-4d38-b29f-2bca8830208f,Larkspur White,1.0
1086944,Limonium Pina Colada White,0671eb9d-3278-44f2-80a3-aac75c1a43c6,Limonium Pina Colada White,1.0
666519,Lysimachia White,e4415abd-7e9c-48aa-9a39-aaf0eb88c677,Lysimachia White,1.0
666519,Lysimachia White,e4415abd-7e9c-48aa-9a39-aaf0eb88c677,Lysimachia White,1.0
485389,Mini Carnation Burgundy,ee5891f9-31bc-4b9f-9e42-ccc02063bced,Mini Carnation Burgundy,1.0
485390,Mini Carnation Cream,4680589e-4077-45e0-980f-eaac00f5e7e5,Mini Carnation Cream,1.0
485396,Mini Carnation Orange,b59a43f5-e6e3-4d35-878e-06a6efe6c702,Mini Carnation Orange,1.0
485397,Mini Carnation Peach,5de9e8a5-4ed4-4767-9c60-e7c2b5b25ba3,Mini Carnation Peach,1.0
485399,Mini Carnation Pink,761eb3d0-4d87-4597-8c7e-6dee90ff7ef0,Mini Carnation Pink,1.0
485400,Mini Carnation Purple,aed7af48-92aa-4224-8dd2-1c2915b33d04,Mini Carnation Purple,1.0
485401,Mini Carnation Red,10b23582-414f-43e2-bb8e-e34d3a3d9b26,Mini Carnation Red,1.0
485406,Mini Carnation White,b9a8b807-6771-4f5d-bd00-e4984e08cf3b,Mini Carnation White,1.0
485407,Mini Carnation Yellow,a89a5ffd-f1a4-4d0e-a59f-e3de4a2db5e0,Mini Carnation Yellow,1.0
490073,Phlox White,65f1e378-06d9-43c5-a970-be9fe5b528b7,Phlox White,1.0
1219050,Pittosporum Brillantina Green,be4b1921-efe4-4e66-be9a-f6f043a32fbc,Pittosporum Brillantina Green,1.0
627860,Pittosporum Green,0f9e9469-a6d2-4ab4-b929-06ccae998cbe,Pittosporum Green,1.0
627860,Pittosporum Green,0f9e9469-a6d2-4ab4-b929-06ccae998cbe,Pittosporum Green,1.0
514054,Ranunculus Burgundy,7b357f80-f45b-4046-b93c-32457a785910,Ranunculus Burgundy,1.0
938951,Ranunculus Butterfly Phytalos Yellow,21fcdcba-9661-4e67-8eec-dd181396e08b,Ranunculus Butterfly Phytalos Yellow,1.0
514061,Ranunculus Light Pink,8dec5f0d-1ec9-4914-a540-0335e5c6933c,Ranunculus Light Pink,1.0
12246406,Ranunculus Light Pink,8dec5f0d-1ec9-4914-a540-0335e5c6933c,Ranunculus Light Pink,1.0
514065,Ranunculus Pink,4fa9d5fb-da93-48f8-840b-9810033c012a,Ranunculus Pink,1.0
12246404,Ranunculus Pink,4fa9d5fb-da93-48f8-840b-9810033c012a,Ranunculus Pink,1.0
514067,Ranunculus Red,b15ec624-8d56-4f91-b58e-87d910846914,Ranunculus Red,1.0
12246408,Ranunculus Red,b15ec624-8d56-4f91-b58e-87d910846914,Ranunculus Red,1.0
514070,Ranunculus White,6645f7ea-f916-4d1e-8cd5-f9b6ed643e1c,Ranunculus White,1.0
12246320,Ranunculus White,6645f7ea-f916-4d1e-8cd5-f9b6ed643e1c,Ranunculus White,1.0
514071,Ranunculus Yellow,b1c762b1-d594-4780-913e-093638a7ef23,Ranunculus Yellow,1.0
1004600,Ruscus Italian Green,d7583b3b-5a47-42ca-b83d-9cb4f880a768,Ruscus Italian Green,1.0
1004600,Ruscus Italian Green,d7583b3b-5a47-42ca-b83d-9cb4f880a768,Ruscus Italian Green,1.0
1004596,Ruscus Italian Green,d7583b3b-5a47-42ca-b83d-9cb4f880a768,Ruscus Italian Green,1.0
1004596,Ruscus Italian Green,d7583b3b-5a47-42ca-b83d-9cb4f880a768,Ruscus Italian Green,1.0
1078860,Scabiosa Milky Scoop White,d5f7aa0e-8ef7-4032-b945-e492bf84a175,Scabiosa Milky Scoop White,1.0
1078861,Scabiosa Milky Scoop White,d5f7aa0e-8ef7-4032-b945-e492bf84a175,Scabiosa Milky Scoop White,1.0
645623,Stock Pink,2e077bc0-d072-44ef-ae0b-3d4c639387b5,Stock Pink,1.0
517817,Strawflower Yellow,a2355239-baf9-4657-9089-2e7439497fe2,Strawflower Yellow,1.0
489347,Trachelium White,100a588d-2d2c-42d1-b30b-7a5e0e07a25f,Trachelium White,1.0
513026,Veronica Pink,9d57cd8b-410a-4281-80cf-a66024c543ae,Veronica Pink,1.0
513027,Veronica Purple,b88b58c0-5fb8-435d-91a8-d74abbf01d12,Veronica Purple,1.0
513028,Veronica White,1767e95a-c83f-4fdb-b85d-27157a044a90,Veronica White,1.0
513028,Veronica White,1767e95a-c83f-4fdb-b85d-27157a044a90,Veronica White,1.0
966686,Yarrow Yellow,3b885ab7-cd80-4502-a3e9-248a9a08772f,Yarrow Yellow,1.0
966686,Yarrow Yellow,3b885ab7-cd80-4502-a3e9-248a9a08772f,Yarrow Yellow,1.0
966686,Yarrow Yellow,3b885ab7-cd80-4502-a3e9-248a9a08772f,Yarrow Yellow,1.0
889280,Delphinium Elatum Black Velvet Purple,3185b3b3-66a8-4392-a083-5cf80e44f90f,Delphinium Elatum Black Velvet Dark Purple,0.991
510047,Protea Pink Ice Pink,b908fa53-9cc1-4384-a0c5-71f5e8fc62d8,Protea Ice Pink,0.987
887967,Scabiosa Cotton Candy Scoop Pink,30e6b64f-3e8d-4d22-b0d0-9d6d434087fd,Scabiosa Candy Scoop Pink,0.986
485117,Hydrangea White Jumbo,c12bdfe4-19a6-4199-9cfb-f82ebe74ab67,Hydrangea Jumbo White,0.983
488905,Spray Rose Majolika Light Pink,96c6b8ba-c1ef-4f84-838e-e753fd3cc71d,Spray Roses Majolika Light Pink,0.983
490140,Rose Garden Garden Spirit Blush,ff23babb-67ec-438c-a48e-480d8fd4f44b,Roses Garden Spirit Blush,0.982
490165,Rose Garden Garden Spirit Blush,ff23babb-67ec-438c-a48e-480d8fd4f44b,Roses Garden Spirit Blush,0.982
3395099,Spray Rose Floreana White,8fa753ab-5273-4115-962a-3e5688f4db42,Spray Roses Floreana White,0.981
485398,Mini Carnation Peppermint,4c480713-cbb6-49b6-92e2-786c7bc43b1e,Mini Carnation Peppermint Peppermint Peppermint,0.979
488909,Spray Rose Mambo Orange,69b40e96-63e0-489d-8704-6ab6a4bf94af,Spray Roses Mambo Orange,0.979
488910,Spray Rose Mambo Orange,69b40e96-63e0-489d-8704-6ab6a4bf94af,Spray Roses Mambo Orange,0.979
489097,Spray Rose Sun City Yellow,e865e502-c55b-4c46-94c4-495e2c33d348,Spray Roses Sun City Yellow,0.979
489116,Spray Rose Sweet Sensation Pink,d026bdec-0029-4196-95e6-593258c4dd2d,Spray Roses Sweet Sensation Pink,0.977
487010,Rose Mother of Pearl Light Pink,c7115ff9-51a8-4896-b691-56fcf3e2e55d,Roses Mother Of Pearl Light Pink,0.976
487011,Rose Mother of Pearl Light Pink,c7115ff9-51a8-4896-b691-56fcf3e2e55d,Roses Mother Of Pearl Light Pink,0.976
885000,Spray Rose Sahara Sensation Peach,3317161d-b165-4b58-809e-76361ab8aa02,Spray Roses Sahara Sensation Peach,0.976
514165,Tree Fern Green,12f0a153-0e30-492d-bf04-7dcdb3f964cc,Tree Fern Tree Fern Green,0.976
514165,Tree Fern Green,12f0a153-0e30-492d-bf04-7dcdb3f964cc,Tree Fern Tree Fern Green,0.976
487764,Rose Titanic Light Pink,02c7c0f7-2cba-4ac1-a836-f819cc23d1cf,Roses Titanic Light Pink,0.974
487765,Rose Titanic Light Pink,02c7c0f7-2cba-4ac1-a836-f819cc23d1cf,Roses Titanic Light Pink,0.974
487766,Rose Titanic Light Pink,02c7c0f7-2cba-4ac1-a836-f819cc23d1cf,Roses Titanic Light Pink,0.974
3395197,Spray Rose Ginger Light Pink,7b6b7fd7-ef5c-46db-9da2-063a090912de,Spray Roses Ginger Light Pink,0.974
489136,Spray Rose Twinkle Bride Pink,f6769a05-7117-4fd3-ad66-ffb01a2c5c41,Spray Roses Twinkle Bride Pink,0.974
942440,Dianthus Raffine Petit Aimee Light Pink,112f6f17-e4df-4911-a0d4-cbf26faed3a4,Dianthus Raffine Petit Aimee Pink,0.973
1032796,Hypericum Magical Triumph II Red,e452aa13-6e2d-43e9-b5f4-2147175f52a7,Hypericum Magical Triumph Red,0.973
1032797,Hypericum Magical Triumph II Red,e452aa13-6e2d-43e9-b5f4-2147175f52a7,Hypericum Magical Triumph Red,0.973
1032798,Hypericum Magical Triumph II Red,e452aa13-6e2d-43e9-b5f4-2147175f52a7,Hypericum Magical Triumph Red,0.973
487663,Rose Sweet Akito Light Pink,62f613ba-1da6-4a85-a41e-001799eba0d9,Roses Sweet Akito Light Pink,0.973
487664,Rose Sweet Akito Light Pink,62f613ba-1da6-4a85-a41e-001799eba0d9,Roses Sweet Akito Light Pink,0.973
487665,Rose Sweet Akito Light Pink,62f613ba-1da6-4a85-a41e-001799eba0d9,Roses Sweet Akito Light Pink,0.973
485843,Rose Black Magic Dark Red,91e45cb3-ed92-45dd-8031-39eebd5b0669,Roses Black Magic Dark Red,0.972
485844,Rose Black Magic Dark Red,91e45cb3-ed92-45dd-8031-39eebd5b0669,Roses Black Magic Dark Red,0.972
488852,Spray Rose Ilse Peach,db592b1e-d54e-4093-82f5-13db501724f5,Spray Roses Ilse Peach,0.972
489076,Spray Rose Snow Flake White,810e5e94-fb96-4879-90a4-decc97d92094,Spray Roses Snow Flake White,0.972
489077,Spray Rose Snow Flake White,810e5e94-fb96-4879-90a4-decc97d92094,Spray Roses Snow Flake White,0.972
514808,Chrysanthemum Disbud Red,8ea60465-b78c-4643-be8a-beb6ec30c776,Chrysanthemum Disbuds Red,0.971
488709,Spray Rose Babe Orange,41d3582f-d122-4491-b808-a2b12c90927d,Spray Roses Babe Orange,0.971
486066,Rose Chilis Orange,2fb64fb1-c2fd-468e-8917-5adf322fe6f7,Roses Chilis Orange,0.969
486160,Rose Cotton Candy Pink,a3450382-98db-482c-98a8-9e3973436ad3,Roses Cotton Candy Pink,0.969
488267,Rose Garden Keira Blush,4dfc9999-3ef0-446a-93c1-7e3808b056fc,Garden Roses Keira Blush,0.969
488488,Rose Garden Secret Garden Light Pink,e673d850-a421-4b5a-b831-af62a32b1d07,Roses Secret Garden Light Pink,0.969
488489,Rose Garden Secret Garden Light Pink,e673d850-a421-4b5a-b831-af62a32b1d07,Roses Secret Garden Light Pink,0.969
491511,Rose Playa Blanca White,3276d79d-695d-4f45-87c4-d53166e34ef3,Roses Playa Blanca White,0.969
491512,Rose Playa Blanca White,3276d79d-695d-4f45-87c4-d53166e34ef3,Roses Playa Blanca White,0.969
490650,Rose Playa Blanca White,3276d79d-695d-4f45-87c4-d53166e34ef3,Roses Playa Blanca White,0.969
491513,Rose Playa Blanca White,3276d79d-695d-4f45-87c4-d53166e34ef3,Roses Playa Blanca White,0.969
487529,Rose Santana Dark Orange,0ea1d377-2e5d-4f75-84dd-127ce5a26891,Roses Santana Dark Orange,0.969
487530,Rose Santana Dark Orange,0ea1d377-2e5d-4f75-84dd-127ce5a26891,Roses Santana Dark Orange,0.969
567669,Rose Shimmer Peach,30f161ca-f066-4432-8b5e-b0f24e4a36e5,Roses Shimmer Peach,0.969
567670,Rose Shimmer Peach,30f161ca-f066-4432-8b5e-b0f24e4a36e5,Roses Shimmer Peach,0.969
567671,Rose Shimmer Peach,30f161ca-f066-4432-8b5e-b0f24e4a36e5,Roses Shimmer Peach,0.969
567672,Rose Shimmer Peach,30f161ca-f066-4432-8b5e-b0f24e4a36e5,Roses Shimmer Peach,0.969
487324,Rose Polar Star White,37de2343-09c4-4489-aabe-7320267e58d6,Roses Polar Star White,0.968
487325,Rose Polar Star White,37de2343-09c4-4489-aabe-7320267e58d6,Roses Polar Star White,0.968
487904,Rose Wild Spirit Orange,1da16dd0-a481-4570-95b5-596a14d97a9c,Roses Wild Spirit Orange,0.968
515964,Kangaroo Paw Orange,74f282cb-ba43-4400-a9b3-cb12868604e2,Kangaroo Paws Orange,0.967
1247222,Rose Moonstone White,5a2208c0-94b1-453b-8c8a-ea07c07f28f0,Roses Moonstone White,0.967
518981,Rose Stardust Yellow,18eb2af1-e3ee-478a-91eb-01923528a330,Roses Stardust Yellow,0.967
508806,Rose Stardust Yellow,18eb2af1-e3ee-478a-91eb-01923528a330,Roses Stardust Yellow,0.967
517956,Sweet Pea Pink,7e8e0aa9-48a7-4942-b829-55c6b0f4853b,Sweet Peas Pink,0.967
509449,Rose Alba White,ec9f8631-2bf7-4f2b-badd-d7a9b35fb6ea,Roses Alba White,0.966
509450,Rose Alba White,ec9f8631-2bf7-4f2b-badd-d7a9b35fb6ea,Roses Alba White,0.966
2340849,Rose Nexus Orange,f632e825-24f7-4c42-a237-e3cd831718d7,Roses Nexus Orange,0.966
487329,Rose Polo White,504073c7-09c9-4b60-99dc-76c4742f690e,Roses Polo White,0.966
487330,Rose Polo White,504073c7-09c9-4b60-99dc-76c4742f690e,Roses Polo White,0.966
486135,Rose Cool Water Lavender,13dc59bb-fe49-454f-bf15-40c0655ef9ce,Roses Cool Water Lavender,0.965
486136,Rose Cool Water Lavender,13dc59bb-fe49-454f-bf15-40c0655ef9ce,Roses Cool Water Lavender,0.965
486137,Rose Cool Water Lavender,13dc59bb-fe49-454f-bf15-40c0655ef9ce,Roses Cool Water Lavender,0.965
8708021,Rose Lumia Orange,b1c918ad-5354-4557-9558-185812d25e12,Roses Lumia Orange,0.965
8708023,Rose Lumia Orange,b1c918ad-5354-4557-9558-185812d25e12,Roses Lumia Orange,0.965
8708024,Rose Lumia Orange,b1c918ad-5354-4557-9558-185812d25e12,Roses Lumia Orange,0.965
515911,Honey Bracelet Green,b5aeabaa-49a1-4281-83f9-0d96083b038e,Myrtle Honey Bracelet Green,0.964
488447,Rose Garden Romantic Antike Pink,4f6c9885-69da-4575-879a-8e9b778b3111,Garden Roses Romantic Antike Pink,0.964
487014,Rose Malibu Pink,b797b6da-5a8d-4bd1-9f41-b10d47c765ab,Roses Malibu Pink,0.964
487015,Rose Malibu Pink,b797b6da-5a8d-4bd1-9f41-b10d47c765ab,Roses Malibu Pink,0.964
517953,Sweet Pea Lavender,3a03e127-d8a4-4302-9254-3036e10a03af,Sweet Peas Lavender,0.964
515961,Kangaroo Paw Burgundy,15234448-eea5-4915-a154-3b7cf733ecaa,Kangaroo Paws Burgundy,0.963
489176,Spray Rose Yellow Babe Yellow,c988654b-7a11-4e10-bdc2-d54ca771c029,Spray Roses Babe Yellow,0.963
485822,Rose Bikini Yellow,8e056093-0612-4aaa-8554-2f2e64e4d42d,Roses Bikini Yellow,0.962
485823,Rose Bikini Yellow,8e056093-0612-4aaa-8554-2f2e64e4d42d,Roses Bikini Yellow,0.962
485824,Rose Bikini Yellow,8e056093-0612-4aaa-8554-2f2e64e4d42d,Roses Bikini Yellow,0.962
485927,Rose Butterscotch Yellow,c7d4819b-158f-4270-8da7-d1fa4b3f0c0f,Roses Butterscotch Yellow,0.962
485928,Rose Butterscotch Yellow,c7d4819b-158f-4270-8da7-d1fa4b3f0c0f,Roses Butterscotch Yellow,0.962
486110,Rose Coffee Break Brown,67b98110-3768-4f58-8afb-dbd315b4e468,Roses Coffee Break Brown Brown,0.962
512978,Rose Novia Light Pink,4b5c6979-e7a7-42b7-860b-c5b49e5314de,Roses Novia Light Pink,0.962
512979,Rose Novia Light Pink,4b5c6979-e7a7-42b7-860b-c5b49e5314de,Roses Novia Light Pink,0.962
487589,Rose Snowy Jewel White,0734dc22-beea-4a0a-8cc1-3ad4b4612432,Roses Snowy Jewel White,0.962
487590,Rose Snowy Jewel White,0734dc22-beea-4a0a-8cc1-3ad4b4612432,Roses Snowy Jewel White,0.962
487743,Rose Tibet White,b1b6b639-31e1-46fa-bd71-be74b64a9471,Roses Tibet White,0.962
487744,Rose Tibet White,b1b6b639-31e1-46fa-bd71-be74b64a9471,Roses Tibet White,0.962
487745,Rose Tibet White,b1b6b639-31e1-46fa-bd71-be74b64a9471,Roses Tibet White,0.962
487148,Rose Nena Light Pink,99b66806-4e0f-4655-a78f-ecf47b8c8ea9,Roses Nena Light Pink,0.961
487149,Rose Nena Light Pink,99b66806-4e0f-4655-a78f-ecf47b8c8ea9,Roses Nena Light Pink,0.961
487150,Rose Nena Light Pink,99b66806-4e0f-4655-a78f-ecf47b8c8ea9,Roses Nena Light Pink,0.961
1313593,Rose Silvery Light Lavender,cc8e46fa-2e67-47cb-8878-b26a1c44f15d,Roses Silvery Light Lavender,0.961
1313594,Rose Silvery Light Lavender,cc8e46fa-2e67-47cb-8878-b26a1c44f15d,Roses Silvery Light Lavender,0.961
1055033,Sweet Pea Cream,0ba5f26f-22c2-4c0b-a30a-499173629ad5,Sweet Peas Cream,0.961
514836,Cocculus Green,38e27336-fc0a-4a08-b78f-bf8f7533511d,Cocculus Cocculus Green,0.96
487688,Rose Sweet Unique Pink,0d0b2974-88cc-44f4-b26d-420e6188251a,Roses Sweet Unique Pink,0.96
487689,Rose Sweet Unique Pink,0d0b2974-88cc-44f4-b26d-420e6188251a,Roses Sweet Unique Pink,0.96
487690,Rose Sweet Unique Pink,0d0b2974-88cc-44f4-b26d-420e6188251a,Roses Sweet Unique Pink,0.96
487748,Rose Tiffany Peach,9aa80507-45f2-4226-b8a1-bcd1c07a82b6,Roses Tiffany Peach,0.959
487749,Rose Tiffany Peach,9aa80507-45f2-4226-b8a1-bcd1c07a82b6,Roses Tiffany Peach,0.959
487750,Rose Tiffany Peach,9aa80507-45f2-4226-b8a1-bcd1c07a82b6,Roses Tiffany Peach,0.959
487967,Rose Garden Alabaster White,2aa7d01b-76f2-4753-b19b-6a35b201771a,Garden Roses Alabaster White,0.958
514234,Carnation Golem Purple Fancy,c880b3d4-f5e9-4f9f-9039-66d3e923d418,Carnation Golem Purple,0.957
515967,Kangaroo Paw Red,e82aee1a-5411-48c4-bcd3-687852b73a4e,Kangaroo Paws Red,0.957
486467,Rose Freedom Red,bb8c5298-179b-4c2b-a57a-de0b14efa71b,Roses Freedom Red,0.957
486468,Rose Freedom Red,bb8c5298-179b-4c2b-a57a-de0b14efa71b,Roses Freedom Red,0.957
486469,Rose Freedom Red,bb8c5298-179b-4c2b-a57a-de0b14efa71b,Roses Freedom Red,0.957
486470,Rose Freedom Red,bb8c5298-179b-4c2b-a57a-de0b14efa71b,Roses Freedom Red,0.957
486471,Rose Freedom Red,bb8c5298-179b-4c2b-a57a-de0b14efa71b,Roses Freedom Red,0.957
484228,Calla Lily Mini Orange,88e3dead-38f7-4d6f-8a5d-6b33b5baac70,Mini Calla Orange,0.956
485205,Hydrangea Mojito Green Small,e2ded6cb-7c73-45b9-9d40-62da9a4c1d81,Hydrangea Mojito Mini Green,0.956
515963,Kangaroo Paw Green,294fcb35-0f00-4b42-aa73-7b7b9978e029,Kangaroo Paws Green,0.956
488352,Rose Garden Ohara Light Pink,094aabaf-7503-4e24-b7a8-e8b8c984b95d,Garden Roses Ohara Light Pink,0.956
488352,Rose Garden Ohara Light Pink,094aabaf-7503-4e24-b7a8-e8b8c984b95d,Garden Roses Ohara Light Pink,0.956
488353,Rose Garden Ohara Light Pink,094aabaf-7503-4e24-b7a8-e8b8c984b95d,Garden Roses Ohara Light Pink,0.956
617839,Rose Garden Princess Miyuki White,f7bfae99-ee27-421d-ae8b-f4d85ac82725,Garden Roses Princess Miyuki White,0.956
643952,Delphinium Sea Waltz Dark Blue,e0089c8c-6245-41a3-b61c-9c07e0642f2d,Delphinium Sea Waltz Medium Blue,0.955
643952,Delphinium Sea Waltz Dark Blue,e0089c8c-6245-41a3-b61c-9c07e0642f2d,Delphinium Sea Waltz Medium Blue,0.955
643954,Delphinium Sea Waltz Dark Blue,e0089c8c-6245-41a3-b61c-9c07e0642f2d,Delphinium Sea Waltz Medium Blue,0.955
643954,Delphinium Sea Waltz Dark Blue,e0089c8c-6245-41a3-b61c-9c07e0642f2d,Delphinium Sea Waltz Medium Blue,0.955
643955,Delphinium Sea Waltz Dark Blue,e0089c8c-6245-41a3-b61c-9c07e0642f2d,Delphinium Sea Waltz Medium Blue,0.955
515968,Kangaroo Paw Yellow,fb8dd0c9-6013-4f9c-b301-2e263a1677b0,Kangaroo Paws Yellow,0.955
700767,Rose High & Orange Magic Orange,f8d3754c-6b4e-4d92-9b05-8073d9b6ad0d,Roses High Magic Orange,0.954
700768,Rose High & Orange Magic Orange,f8d3754c-6b4e-4d92-9b05-8073d9b6ad0d,Roses High Magic Orange,0.954
627864,Sunflower Miniature Yellow,4094dd61-066a-4fe6-8c1c-72d1e0480d07,Sunflower Mini Yellow,0.954
627864,Sunflower Miniature Yellow,4094dd61-066a-4fe6-8c1c-72d1e0480d07,Sunflower Mini Yellow,0.954
4265364,Rose Fortune Red,38f1ddf7-1b66-443e-9fb2-3e1007a9f150,Roses Fortune Red,0.953
4265411,Rose Fortune Red,38f1ddf7-1b66-443e-9fb2-3e1007a9f150,Roses Fortune Red,0.953
758195,Viburnum Foliage Lucidum Green,9ad36cde-c1a3-4ea6-a8c8-9edaf3ca59d0,Viburnum Lucidum Foliage Green,0.953
484739,Carnation Light Pink Fancy,9f356a84-cfc6-4e69-921c-007dcfffba64,Carnation Light Pink,0.952
520130,Hydrangea Antique Blue/Green Jumbo,9855007c-489a-4b17-93c3-39127729f760,Hydrangea Antique Jumbo Blue,0.952
1256543,Rose Andrea Lavender,bb76cd81-c9e8-4eb9-ad8d-ec34c091cdf1,Roses Andrea Lavender,0.952
490708,Lily Asiatic Orange,aaf2f395-c7d6-45d3-a65d-9f905e3aad7e,Lilies Asiatic Orange,0.951
490708,Lily Asiatic Orange,aaf2f395-c7d6-45d3-a65d-9f905e3aad7e,Lilies Asiatic Orange,0.951
485574,Rose Lavender,0a54c97a-db7c-472a-9654-828d3c8e7a1b,Roses Lavender,0.951
485575,Rose Lavender,0a54c97a-db7c-472a-9654-828d3c8e7a1b,Roses Lavender,0.951
485576,Rose Lavender,0a54c97a-db7c-472a-9654-828d3c8e7a1b,Roses Lavender,0.951
1311112,Scabiosa Focal Scoop Lavender,252a5b2b-ef57-4bbb-a146-09dcc5114246,Scabiosa Scoop Lavender,0.951
1311113,Scabiosa Focal Scoop Lavender,252a5b2b-ef57-4bbb-a146-09dcc5114246,Scabiosa Scoop Lavender,0.951
488077,Rose Garden Catalina Yellow,06a5831f-2d31-4a36-969f-15554b8c0434,Garden Roses Catalina Yellow,0.95
488077,Rose Garden Catalina Yellow,06a5831f-2d31-4a36-969f-15554b8c0434,Garden Roses Catalina Yellow,0.95
486639,Rose High & Exotic Yellow,dc7d08f2-2f09-4a9a-925d-aa0a405e994c,Roses High Exotic Yellow,0.95
486640,Rose High & Exotic Yellow,dc7d08f2-2f09-4a9a-925d-aa0a405e994c,Roses High Exotic Yellow,0.95
1406393,Rose Lorraine Light Pink,f194a18a-2329-407d-9f22-ff14d6646a9a,Roses Lorraine Light Pink,0.95
1406394,Rose Lorraine Light Pink,f194a18a-2329-407d-9f22-ff14d6646a9a,Roses Lorraine Light Pink,0.95
1406395,Rose Lorraine Light Pink,f194a18a-2329-407d-9f22-ff14d6646a9a,Roses Lorraine Light Pink,0.95
484937,Carnation Novia Peach Fancy,0db2a31e-87ca-4ac6-b067-4276beebd94a,Carnation Novia Peach,0.949
514238,Carnation Orange Hermes Orange Fancy,4eeddf00-be01-4974-973f-252facd67594,Carnation Hermes Orange,0.949
3820618,Delphinium Elatum Manuela Lavender,f0607694-8fe0-4144-92c7-83ad1f0a8d64,Delphinium Elatum Lavender,0.949
490251,Rose Brighton Yellow,6cf94d7e-0d53-4cf4-b734-d3909bda388d,Roses Brighton Yellow,0.949
512849,Rose Brighton Yellow,6cf94d7e-0d53-4cf4-b734-d3909bda388d,Roses Brighton Yellow,0.949
512850,Rose Brighton Yellow,6cf94d7e-0d53-4cf4-b734-d3909bda388d,Roses Brighton Yellow,0.949
512852,Rose Brighton Yellow,6cf94d7e-0d53-4cf4-b734-d3909bda388d,Roses Brighton Yellow,0.949
1090486,Spray Rose Bali Light Peach,51b9ef8f-7ef2-4238-ad2a-5672e3041940,Spray Roses Bali Peach,0.948
484419,Calla Lily Mini Garnet Glow Hot Pink,dca9ddbe-eda1-4b58-b187-79b7d1201259,Mini Calla Garnet Glow Pink,0.946
513552,Delphinium Hybrid Dark Blue,72374ff4-b215-41db-b036-d8477fae53ee,Delphinium Hybrid Benarys Pacific Dark Blue,0.946
12851921,Delphinium Hybrid Dark Blue,72374ff4-b215-41db-b036-d8477fae53ee,Delphinium Hybrid Benarys Pacific Dark Blue,0.946
513118,Rose Pink Mondial Light Pink,452eeb34-2851-4dd6-82ae-a37402468c65,Roses Mondial Light Pink,0.946
513119,Rose Pink Mondial Light Pink,452eeb34-2851-4dd6-82ae-a37402468c65,Roses Mondial Light Pink,0.946
563647,Rose Pink Mondial Light Pink,452eeb34-2851-4dd6-82ae-a37402468c65,Roses Mondial Light Pink,0.946
491378,Solidago Golden Glory Yellow,3222f59a-466c-47b4-a143-cc904fdd5861,Aster Solidago Golden Glory Yellow,0.946
3653597,Spray Rose Elba Light Pink,532abc20-d821-40cb-8e46-14855bd0c514,Spray Roses Elba Pink,0.946
490006,Wax Flower Purple,f06664c3-09de-4ad9-9cbe-9a51ae7d43a7,Waxflower Purple,0.946
1819182,Rose Country Blues Lavender,2ab9f84c-c6a3-43d2-ae77-adc20901aaf4,Garden Roses Country Blues Lavender,0.945
2113281,Rose Country Blues Lavender,2ab9f84c-c6a3-43d2-ae77-adc20901aaf4,Garden Roses Country Blues Lavender,0.945
484751,Carnation Pink Fancy,099afe34-5d77-4e3d-ad1b-9de715fb92cd,Carnation Pink,0.943
485202,Hydrangea Mini Green Small,c0fec9c6-6759-4451-bf4e-8b13b3312bf0,Hydrangea Mini Green,0.943
485586,Rose Orange,64bec08c-0a46-4da1-8492-5a0cb90ecc98,Roses Orange,0.943
485588,Rose Orange,64bec08c-0a46-4da1-8492-5a0cb90ecc98,Roses Orange,0.943
485590,Rose Orange,64bec08c-0a46-4da1-8492-5a0cb90ecc98,Roses Orange,0.943
485627,Rose Yellow,5ee68b19-6916-4dd3-8def-841747402a06,Roses Yellow,0.943
485628,Rose Yellow,5ee68b19-6916-4dd3-8def-841747402a06,Roses Yellow,0.943
485629,Rose Yellow,5ee68b19-6916-4dd3-8def-841747402a06,Roses Yellow,0.943
484262,Calla Lily Mini Yellow,d3bee0a2-d5f6-4638-88c6-e7153f47c3bb,Mini Calla Yellow,0.942
484263,Calla Lily Mini Yellow,d3bee0a2-d5f6-4638-88c6-e7153f47c3bb,Mini Calla Yellow,0.942
484264,Calla Lily Mini Yellow,d3bee0a2-d5f6-4638-88c6-e7153f47c3bb,Mini Calla Yellow,0.942
500196,Dianthus Solomio Imre Hot Pink,6b033c32-432c-4386-93a5-d24881bafa91,Dianthus Solomio Imre Pink,0.942
485392,Mini Carnation Green,723744d1-75d6-4326-bb8a-a9e0da2753e8,Mini Carnation Lime Lime Green,0.942
627861,Pittosporum Variegated,bb8a5ea7-0d38-4fa2-ad1c-cb9b2c83f43b,Garlands Pittosporum Variegated Variegated,0.942
627861,Pittosporum Variegated,bb8a5ea7-0d38-4fa2-ad1c-cb9b2c83f43b,Garlands Pittosporum Variegated Variegated,0.942
484192,Calla Lily Mini Burgundy,c97b9f96-1e84-4d4e-b706-b025a80ea4c8,Mini Calla Burgundy,0.941
484193,Calla Lily Mini Burgundy,c97b9f96-1e84-4d4e-b706-b025a80ea4c8,Mini Calla Burgundy,0.941
490077,Hydrangea Mini Dark Green Small,1fa1ecea-329d-4f19-8735-9d76b64075f7,Hydrangea Dark Mini Green,0.941
485271,Hypericum Pink,20e8cde9-75c9-43ef-8fa9-a568f3d73ec2,Hypericum Magical Pink,0.941
485271,Hypericum Pink,20e8cde9-75c9-43ef-8fa9-a568f3d73ec2,Hypericum Magical Pink,0.941
485272,Hypericum Pink,20e8cde9-75c9-43ef-8fa9-a568f3d73ec2,Hypericum Magical Pink,0.941
485272,Hypericum Pink,20e8cde9-75c9-43ef-8fa9-a568f3d73ec2,Hypericum Magical Pink,0.941
485273,Hypericum Pink,20e8cde9-75c9-43ef-8fa9-a568f3d73ec2,Hypericum Magical Pink,0.941
565903,Ranunculus Purple,b0bd8bc7-97ce-4a47-b5df-d7ff424c815a,Ranunculus Pon Purple,0.941
1008696,Rose Country Home Peach,20931a27-307b-4ad2-bc71-f0f441d197ff,Garden Roses Country Home Peach,0.941
1008697,Rose Country Home Peach,20931a27-307b-4ad2-bc71-f0f441d197ff,Garden Roses Country Home Peach,0.941
487349,Rose Proud White,3d09da30-61c4-45f5-a4a8-34b938dfedcd,Roses Proud White,0.941
487350,Rose Proud White,3d09da30-61c4-45f5-a4a8-34b938dfedcd,Roses Proud White,0.941
484715,Carnation Burgundy Fancy,42cd2b3f-3968-4c31-a5a3-ad6a9fca0601,Carnation Burgundy,0.94
490005,Wax Flower Pink,c521c8eb-efc0-462c-9ab2-87975ad2f6dd,Waxflower Pink,0.94
1054883,Calla Lily Mini Pink Jewel Dark Pink,476490c0-19a7-4901-8b30-500f73453b41,Mini Calla Jewel Dark Pink,0.939
489146,Spray Rose Viviane White,6b6e9281-7110-46a0-ba46-c3141ed4207e,Spray Roses Viviana White,0.939
484241,Calla Lily Mini Pink,579a70c9-95ed-495e-a213-1dfeb34cc7b5,Mini Calla Pink,0.938
486808,Rose Jessica Light Pink,a90fde40-7628-4f90-9162-e709acf0bdca,Roses Jessica Light Pink,0.938
486809,Rose Jessica Light Pink,a90fde40-7628-4f90-9162-e709acf0bdca,Roses Jessica Light Pink,0.938
486810,Rose Jessica Light Pink,a90fde40-7628-4f90-9162-e709acf0bdca,Roses Jessica Light Pink,0.938
3111261,Anemone Mistral Grape Purple,1cd5c890-30fb-4099-ace4-35bcf4695cea,Anemone Mistral Plus Purple,0.937
490061,Dusty Miller Large Leaf Silver,3bb0aeea-eaab-45de-bf8b-5ef733a1dc8b,Dusty Miller Flat Leaf Silver,0.937
490061,Dusty Miller Large Leaf Silver,3bb0aeea-eaab-45de-bf8b-5ef733a1dc8b,Dusty Miller Flat Leaf Silver,0.937
490206,Dusty Miller Large Leaf Silver,3bb0aeea-eaab-45de-bf8b-5ef733a1dc8b,Dusty Miller Flat Leaf Silver,0.937
490206,Dusty Miller Large Leaf Silver,3bb0aeea-eaab-45de-bf8b-5ef733a1dc8b,Dusty Miller Flat Leaf Silver,0.937
485065,Gypsophila Mirabella White,ff9e22ee-97e7-445a-a62e-74a4a29a801a,Gypsophilia Mirabella White,0.937
490707,Lily Asiatic Light Pink,c81473ca-121a-4b7f-b303-09870942635a,Lilies Oriental Light Pink,0.937
488246,Rose Garden Juliet Peach,c5866dfc-e0bb-4dda-ab04-ab1eba9a8e76,Garden Roses Juliet Peach,0.937
488247,Rose Garden Juliet Peach,c5866dfc-e0bb-4dda-ab04-ab1eba9a8e76,Garden Roses Juliet Peach,0.937
486604,Rose Hermosa Pink,b38833fc-ce8d-491b-8706-d06b7b06ed45,Roses Hermosa Light Pink,0.937
486605,Rose Hermosa Pink,b38833fc-ce8d-491b-8706-d06b7b06ed45,Roses Hermosa Light Pink,0.937
486606,Rose Hermosa Pink,b38833fc-ce8d-491b-8706-d06b7b06ed45,Roses Hermosa Light Pink,0.937
2072066,Rose Luciano Light Pink,2914bb57-34d9-4d5b-8846-b4ba1582ed40,Roses Luciano Light Pink,0.937
2026098,Rose Luciano Light Pink,2914bb57-34d9-4d5b-8846-b4ba1582ed40,Roses Luciano Light Pink,0.937
2111738,Rose Luciano Light Pink,2914bb57-34d9-4d5b-8846-b4ba1582ed40,Roses Luciano Light Pink,0.937
487168,Rose Ocean Song Light Lavender,af36097d-db97-4b3d-91b3-c313eb60ad20,Roses Ocean Song Lavender,0.937
487169,Rose Ocean Song Light Lavender,af36097d-db97-4b3d-91b3-c313eb60ad20,Roses Ocean Song Lavender,0.937
487170,Rose Ocean Song Light Lavender,af36097d-db97-4b3d-91b3-c313eb60ad20,Roses Ocean Song Lavender,0.937
714490,Helleborus Orientalis Double Ellen White,662d56ba-b571-4f82-ae21-c88b9eeb04fb,Helleborus Double Ellen White,0.936
485988,Rose Carousel Pink/White,a6da0367-b8d1-4c13-b3d5-ef68b6480913,Roses Carousel Pink,0.936
485989,Rose Carousel Pink/White,a6da0367-b8d1-4c13-b3d5-ef68b6480913,Roses Carousel Pink,0.936
486366,Rose Explorer Red,41a167bd-bf87-4f11-8afa-1c9cbb3a3cca,Roses Explorer Red,0.936
486367,Rose Explorer Red,41a167bd-bf87-4f11-8afa-1c9cbb3a3cca,Roses Explorer Red,0.936
486368,Rose Explorer Red,41a167bd-bf87-4f11-8afa-1c9cbb3a3cca,Roses Explorer Red,0.936
486369,Rose Explorer Red,41a167bd-bf87-4f11-8afa-1c9cbb3a3cca,Roses Explorer Red,0.936
486704,Rose Hot Merengue Red/Yellow,252ae648-95df-4d73-ae61-df3307d14f9c,Roses Hot Merengue Yellow,0.936
486705,Rose Hot Merengue Red/Yellow,252ae648-95df-4d73-ae61-df3307d14f9c,Roses Hot Merengue Yellow,0.936
486706,Rose Hot Merengue Red/Yellow,252ae648-95df-4d73-ae61-df3307d14f9c,Roses Hot Merengue Yellow,0.936
489033,Spray Rose Rubicon Dark Red,896abed4-5b18-49f5-b1fd-6f679c044a87,Spray Roses Rubicon Red,0.936
490521,Delphinium Volkerfrieden Dark Blue,de8df88b-9de8-4e0d-bbad-e058e412a9b8,Delphinium Volkerfrieden Medium Blue,0.935
636942,Delphinium Volkerfrieden Dark Blue,de8df88b-9de8-4e0d-bbad-e058e412a9b8,Delphinium Volkerfrieden Medium Blue,0.935
484827,Carnation Farida Lavender Fancy,9543b07a-1958-4fb1-b397-d2d95adbd3e8,Carnation Farida Lavender,0.934
627846,Craspedia Billy Balls Yellow,283c2c55-dca0-4e66-8066-0e08586b8e27,Billy Balls Yellow,0.934
490622,Stock Lavender Select,b5bfd498-0086-4c2c-8901-6e605037465e,Stock Lavender,0.934
490007,Wax Flower White,5d79c163-42db-4b83-a400-5c4b92f87c1b,Waxflower White,0.934
490713,Lily Asiatic Yellow,fd255bcc-0237-404e-8021-0cc4befb83a9,Lilies Oriental Yellow,0.933
490713,Lily Asiatic Yellow,fd255bcc-0237-404e-8021-0cc4befb83a9,Lilies Oriental Yellow,0.933
513366,Anemone Blush,10f4a9a5-4b05-47b1-8c32-0ee8a250f3b9,Anemone Marianne Panda Blush,0.932
484032,Alstroemeria Nadya Red Fancy,faa86ca1-a561-450e-8a04-4a1d96a88b0d,Alstroemeria Nadya Red,0.931
513553,Delphinium Hybrid Lavender,60f59ad6-6440-4c70-91c2-53dd58a7dea1,Delphinium Hybrid Benarys Pacific Lavender,0.931
12851932,Delphinium Hybrid Lavender,60f59ad6-6440-4c70-91c2-53dd58a7dea1,Delphinium Hybrid Benarys Pacific Lavender,0.931
485712,Rose Amnesia Antique Lavender,c7aedaca-dac0-48fc-ad08-9945e33cbb7b,Roses Amnesia Lavender,0.931
485713,Rose Amnesia Antique Lavender,c7aedaca-dac0-48fc-ad08-9945e33cbb7b,Roses Amnesia Lavender,0.931
485714,Rose Amnesia Antique Lavender,c7aedaca-dac0-48fc-ad08-9945e33cbb7b,Roses Amnesia Lavender,0.931
486325,Rose Escimo White,d4cd1ac1-b7df-446f-8fbb-3b2a88283ee9,Roses Escimo White,0.931
486326,Rose Escimo White,d4cd1ac1-b7df-446f-8fbb-3b2a88283ee9,Roses Escimo White,0.931
486327,Rose Escimo White,d4cd1ac1-b7df-446f-8fbb-3b2a88283ee9,Roses Escimo White,0.931
3169162,Rose Phoenix Peach,b6eb66ea-0436-412f-a3c4-3a3933af8390,Garden Roses Phoenix Peach,0.931
3169174,Rose Phoenix Peach,b6eb66ea-0436-412f-a3c4-3a3933af8390,Garden Roses Phoenix Peach,0.931
490624,Stock Peach Select,1497f7fe-776d-4f1f-b891-dbb609a82ef5,Stock Peach,0.931
515897,Helleborus Purple,c2240ef4-1d81-4e34-8720-7bdd0f559694,Helleborus Lady Purple,0.93
488582,Rose Garden White Cloud White,15ef4ce5-4dd6-452b-b93b-37c8edffab46,Garden Roses Cloud White,0.93
487084,Rose Mohana Yellow,8e6c0188-339e-46b6-8cfb-981e2a20eab7,Roses Mohana Yellow,0.93
515896,Helleborus Pink,415cfa14-269f-454a-bcba-b63de71c8864,Helleborus Pennys Pink,0.929
1819632,Rose Hot Explorer Hot Pink,413482fe-8346-4bb3-96fe-3c039d24e137,Roses Hot Explorer Dark Pink,0.929
485132,Hydrangea Antique Green Large,1342e6d1-3312-435a-8874-1484354ef213,Hydrangea Antique Jumbo Green,0.928
490605,Lisianthus Purple,27c24034-82fe-42f6-ae20-6e86c3bf2d2b,Lisianthus Double Purple,0.928
509706,Stock Yellow Select,0e8851b0-ba33-4ca7-a9bb-e230832d409b,Stock Yellow,0.928
484860,Carnation Komachi Pink/White Fancy,c12fdaaf-a7ad-4b88-9489-f6912edf061f,Carnation Komachi Pink,0.927
5562482,Delphinium Hybrid White,057234ed-5f83-4586-a199-8cea8d7a1e0c,Delphinium Hybrid Benarys Pacific White,0.927
5562438,Delphinium Hybrid White,057234ed-5f83-4586-a199-8cea8d7a1e0c,Delphinium Hybrid Benarys Pacific White,0.927
488517,Rose Garden Tess Red,bcee72f7-9640-4088-b125-33573d679ef8,Garden Roses Tess Red,0.927
485657,Rose Akito White,6958ab90-871d-4d3e-be35-11a496e2118d,Roses Akito White,0.926
485658,Rose Akito White,6958ab90-871d-4d3e-be35-11a496e2118d,Roses Akito White,0.926
485659,Rose Akito White,6958ab90-871d-4d3e-be35-11a496e2118d,Roses Akito White,0.926
542869,Rose Fidji Orange/Peach,61b732dd-9dd7-4bae-ba44-ad8c97750442,Roses Fidji Peach,0.926
884744,Rose Garden Campanella Peach,fc3e7e0b-ab9f-41fa-9347-560c39bd171a,Garden Roses Campanella Peach,0.926
15185487,Spray Rose Be Nice Pink,84b24f96-cf34-476f-8ab4-5e117bf9af16,Spray Roses Eva Pink,0.926
513535,Campanula Lavender,9187fabe-8d7b-427f-b7fa-692ce4090dac,Campanula Champion Lavender,0.924
485603,Rose Pink,e571be69-18ac-41fb-ab74-d00edaadd4e0,Roses Pink,0.924
485604,Rose Pink,e571be69-18ac-41fb-ab74-d00edaadd4e0,Roses Pink,0.924
485605,Rose Pink,e571be69-18ac-41fb-ab74-d00edaadd4e0,Roses Pink,0.924
490626,Stock Purple Select,3e93f0c4-b325-4a21-ba3e-24062578698e,Stock Purple,0.924
1034329,Gypsophila Cosmic White,6f2147ec-7de7-42c7-98c6-9a642b7e42f3,Gypsophilia Cosmic White,0.923
884829,Rose Garden Piano Red,e65248ad-f61d-4870-9bd1-1e56657f7b5b,Garden Roses Piano Dark Red,0.923
486623,Rose High & Candy Pink/White,db23fdd2-db42-47a0-b857-bfb47448e98d,Roses High Candy Pink,0.922
486624,Rose High & Candy Pink/White,db23fdd2-db42-47a0-b857-bfb47448e98d,Roses High Candy Pink,0.922
486625,Rose High & Candy Pink/White,db23fdd2-db42-47a0-b857-bfb47448e98d,Roses High Candy Pink,0.922
485615,Rose Red,d5cffdd4-35fc-4059-9050-7b60329cb7a6,Roses Red,0.922
485616,Rose Red,d5cffdd4-35fc-4059-9050-7b60329cb7a6,Roses Red,0.922
485617,Rose Red,d5cffdd4-35fc-4059-9050-7b60329cb7a6,Roses Red,0.922
484771,Carnation Yellow Fancy,7d5112c6-516a-44b4-bcb6-e2e6331ca10f,Carnation Yellow,0.921
485204,Hydrangea Mojito Green Medium,4832798a-22f8-4b52-8860-d09eca7a6eab,Hydrangea Mojito Premium Green,0.921
485204,Hydrangea Mojito Green Medium,4832798a-22f8-4b52-8860-d09eca7a6eab,Hydrangea Mojito Premium Green,0.921
485111,Hydrangea Purple Large,dfe41c65-62d1-44db-8419-e6b9ed420e6a,Hydrangea Jumbo Purple,0.921
512626,Ming Fern Green,7eeb17e7-df8f-479c-aafb-56de5cf856a0,Fern Mingfern Green,0.921
512626,Ming Fern Green,7eeb17e7-df8f-479c-aafb-56de5cf856a0,Fern Mingfern Green,0.921
487458,Rose Rosita Vendela Pink,e7c66a8e-3d29-41dd-b7aa-65b4c966017b,Roses Rosita Vendela Light Pink,0.921
487459,Rose Rosita Vendela Pink,e7c66a8e-3d29-41dd-b7aa-65b4c966017b,Roses Rosita Vendela Light Pink,0.921
487460,Rose Rosita Vendela Pink,e7c66a8e-3d29-41dd-b7aa-65b4c966017b,Roses Rosita Vendela Light Pink,0.921
8700179,Rose Sunset Glory Orange,e465d3d2-a6ca-4666-bd9a-8648a1b1a25d,Garden Roses Sunset Orange,0.921
8700180,Rose Sunset Glory Orange,e465d3d2-a6ca-4666-bd9a-8648a1b1a25d,Garden Roses Sunset Orange,0.921
8700181,Rose Sunset Glory Orange,e465d3d2-a6ca-4666-bd9a-8648a1b1a25d,Garden Roses Sunset Orange,0.921
8700199,Rose Tropic Versilia Peach,07771b3d-f024-4636-8b8d-6400a1525c17,Roses Versilia Peach,0.92
8700200,Rose Tropic Versilia Peach,07771b3d-f024-4636-8b8d-6400a1525c17,Roses Versilia Peach,0.92
8700201,Rose Tropic Versilia Peach,07771b3d-f024-4636-8b8d-6400a1525c17,Roses Versilia Peach,0.92
490710,Lily Asiatic Pink,c44855b1-970f-4833-9e74-cd91e334f0b6,Lilies Oriental Pink,0.919
490710,Lily Asiatic Pink,c44855b1-970f-4833-9e74-cd91e334f0b6,Lilies Oriental Pink,0.919
490712,Lily Asiatic White,ea06fe3d-fe18-447d-bd8b-5c8cd857316f,Lilies Oriental White,0.919
490712,Lily Asiatic White,ea06fe3d-fe18-447d-bd8b-5c8cd857316f,Lilies Oriental White,0.919
1222365,Rose Garden Princess Hitomi Light Pink Blush,04ae416e-dc35-4544-ba77-1c434c7afbcf,Garden Roses Princess Hitomi Light Pink,0.919
485064,Gypsophila Million Star White,d19f261a-68e4-4089-a8af-4e0cd7ade684,Gypsophilia Million Star White,0.918
485064,Gypsophila Million Star White,d19f261a-68e4-4089-a8af-4e0cd7ade684,Gypsophilia Million Star White,0.918
485064,Gypsophila Million Star White,d19f261a-68e4-4089-a8af-4e0cd7ade684,Gypsophilia Million Star White,0.918
485069,Gypsophila Xlence White,3b5d1e48-21f2-4563-9c58-e21996f2df0c,Gypsophilia Xlence White,0.918
485069,Gypsophila Xlence White,3b5d1e48-21f2-4563-9c58-e21996f2df0c,Gypsophilia Xlence White,0.918
485069,Gypsophila Xlence White,3b5d1e48-21f2-4563-9c58-e21996f2df0c,Gypsophilia Xlence White,0.918
884984,Spray Rose Porcelina Light Pink,280df846-6c14-4bd6-9d6e-17e6aeb48334,Spray Roses Bombastic Light Pink,0.918
489149,Spray Rose White Majolika Cream,f740603f-e493-4a07-a9e7-cc73c854215b,Spray Roses Majolika White,0.918
489151,Spray Rose White Majolika Cream,f740603f-e493-4a07-a9e7-cc73c854215b,Spray Roses Majolika White,0.918
489152,Spray Rose White Majolika Cream,f740603f-e493-4a07-a9e7-cc73c854215b,Spray Roses Majolika White,0.918
565855,Rose Menta Lavender,d5420a00-a786-4ae2-8443-95686eb428cb,Sweetheart Roses Menta Lavender,0.917
562014,Rose Menta Lavender,d5420a00-a786-4ae2-8443-95686eb428cb,Sweetheart Roses Menta Lavender,0.917
3556319,Rose Piacere Dark Lavender,d92a0b50-3d75-4bcf-96fc-08290a6b6674,Roses Piacere Lavender,0.917
3556320,Rose Piacere Dark Lavender,d92a0b50-3d75-4bcf-96fc-08290a6b6674,Roses Piacere Lavender,0.917
672562,Rose Saga Light Pink,6e359c0f-7d5d-4d6a-98e1-a5a0170c6602,Roses Saga Pink,0.917
490592,Leucadendron Safari Sunset Red,07cb304d-b1f1-4ee0-a7ba-c56300339054,Leucadendron Safari Sunset Brown Brown,0.915
490592,Leucadendron Safari Sunset Red,07cb304d-b1f1-4ee0-a7ba-c56300339054,Leucadendron Safari Sunset Brown Brown,0.915
490592,Leucadendron Safari Sunset Red,07cb304d-b1f1-4ee0-a7ba-c56300339054,Leucadendron Safari Sunset Brown Brown,0.915
488616,Solidago Yellow,68f17b17-2f71-48e6-af9c-8a4f5fe850e0,Aster Solidago Yellow,0.915
488616,Solidago Yellow,68f17b17-2f71-48e6-af9c-8a4f5fe850e0,Aster Solidago Yellow,0.915
484743,Carnation Orange Fancy,a1a3331a-c01c-4f0d-96b6-aafc9c1d6916,Carnation Orange,0.914
517626,Pod Scabiosa Brown,0edd276f-0ffa-4dfe-8e00-0f0f1107693c,Scabiosa Stellata Pods Brown Brown,0.914
1206728,Rose Bluez Red/White,13b0f1c3-d5c7-4900-bb2b-1bb2a30c5d8d,Roses Bluez Red,0.914
1206729,Rose Bluez Red/White,13b0f1c3-d5c7-4900-bb2b-1bb2a30c5d8d,Roses Bluez Red,0.914
490467,Rose Nina Orange,f5e624fd-f516-49c2-9ea7-b6f14f2a731d,Roses Nina Dark Orange,0.914
490468,Rose Nina Orange,f5e624fd-f516-49c2-9ea7-b6f14f2a731d,Roses Nina Dark Orange,0.914
487803,Rose Tycoon Light Orange,1cab886b-833d-4c92-8dcd-7987964b87ce,Roses Tycoon Orange,0.913
487804,Rose Tycoon Light Orange,1cab886b-833d-4c92-8dcd-7987964b87ce,Roses Tycoon Orange,0.913
489343,Trachelium Blue,bb081fb0-c189-4097-83a7-5ec2994aed23,Trachelium Light Light Blue,0.913
489343,Trachelium Blue,bb081fb0-c189-4097-83a7-5ec2994aed23,Trachelium Light Light Blue,0.913
4265351,Rose Violet Hill Lavender,e411a49c-73bd-47ea-8ebf-c344021b3d70,Roses Violet Lavender,0.912
4265398,Rose Violet Hill Lavender,e411a49c-73bd-47ea-8ebf-c344021b3d70,Roses Violet Lavender,0.912
4265445,Rose Violet Hill Lavender,e411a49c-73bd-47ea-8ebf-c344021b3d70,Roses Violet Lavender,0.912
12983877,Anemone Levante Pink,1da10f06-1878-4537-8646-a5074c0b5743,Anemone Pink,0.911
484747,Carnation Peach Fancy,7930d085-6b9d-4ed5-9ea4-30b0e9367ffd,Carnation Peach,0.911
484759,Carnation Red Fancy,24b9d4a7-3e41-48a8-b10a-37af8341388a,Carnation Red,0.911
484767,Carnation White Fancy,091560ba-78a3-4c6c-b0f6-3729d9a26b38,Carnation White,0.911
486330,Rose Esperance Pink/White,8ac54afc-844a-4fd6-bf75-9b9c38ca6cff,Roses Esperance Pink,0.91
486331,Rose Esperance Pink/White,8ac54afc-844a-4fd6-bf75-9b9c38ca6cff,Roses Esperance Pink,0.91
486332,Rose Esperance Pink/White,8ac54afc-844a-4fd6-bf75-9b9c38ca6cff,Roses Esperance Pink,0.91
484719,Carnation Cream Fancy,0328d60c-8301-466a-8291-0772bc6e1ac6,Carnation Cream,0.909
487534,Rose Senorita Light Pink,b825c21c-a06b-4898-956e-65b06479938c,Astrantia Rosa Light Pink,0.909
487535,Rose Senorita Light Pink,b825c21c-a06b-4898-956e-65b06479938c,Astrantia Rosa Light Pink,0.909
1190385,Scabiosa Raspberry Scoop Hot Pink,26aaf4dd-e58b-4417-8dfa-8c523d628be6,Scabiosa Raspberry Scoop Purple,0.909
490628,Stock White Select,5de3bbad-c3b8-4c77-aa4e-ec49154b374a,Stock White,0.909
483774,Alstroemeria Lavender Fancy,766d1c52-bd9e-433d-8ad2-568178b0db70,Alstroemeria Lavender,0.908
484867,Carnation Lege Pink Pink Select,a1278406-7c7a-498d-bdbd-cb0761cd4892,Carnation Bicolor Pink,0.908
486215,Rose Deep Purple Lavender,7700981c-8639-4a6b-ac12-8f4577aac4ff,Roses Deep Lavender,0.908
486216,Rose Deep Purple Lavender,7700981c-8639-4a6b-ac12-8f4577aac4ff,Roses Deep Lavender,0.908
486217,Rose Deep Purple Lavender,7700981c-8639-4a6b-ac12-8f4577aac4ff,Roses Deep Lavender,0.908
484068,Alstroemeria Primadonna Pink Fancy,28dd0db2-a9c8-40d4-8a08-b7665a4dc6c2,Alstroemeria Primadonna Light Pink,0.907
850182,Dianthus Green Ball Green Fancy,5600b344-6f44-4071-8d2b-0651f4ed50b8,Dianthus Ball Green,0.907
514136,Riceflower Light Pink,17401e60-5c73-4175-b0a6-f09f12f064db,Rice Flower Pink,0.907
490602,Kale Purple,ef497163-f2ff-453b-8f87-e69a4292828b,Kale Crane Purple,0.905
1205762,Rose Hot Pink,3d16f25d-dc1b-4469-9c95-93a460a2b89f,Roses Hot Princess Pink,0.905
639106,Rose Hot Pink,3d16f25d-dc1b-4469-9c95-93a460a2b89f,Roses Hot Princess Pink,0.905
647919,Rose Hot Pink,3d16f25d-dc1b-4469-9c95-93a460a2b89f,Roses Hot Princess Pink,0.905
487694,Rose Sweetness Pink/White,3799423d-b9c8-46fc-9e05-1abc29fed4db,Roses Sweetness Pink,0.905
487695,Rose Sweetness Pink/White,3799423d-b9c8-46fc-9e05-1abc29fed4db,Roses Sweetness Pink,0.905
487696,Rose Sweetness Pink/White,3799423d-b9c8-46fc-9e05-1abc29fed4db,Roses Sweetness Pink,0.905
485621,Rose White,b06787cf-2b7a-47e6-a1d1-bff70f8efeff,Roses White,0.905
485622,Rose White,b06787cf-2b7a-47e6-a1d1-bff70f8efeff,Roses White,0.905
485623,Rose White,b06787cf-2b7a-47e6-a1d1-bff70f8efeff,Roses White,0.905
490599,Bupleurum Green,85a9e36f-0554-456a-b051-dccb8bc6dfdd,Bupleurum Griffithii Green,0.904
490599,Bupleurum Green,85a9e36f-0554-456a-b051-dccb8bc6dfdd,Bupleurum Griffithii Green,0.904
515898,Helleborus Red,3cd8de39-8228-45ce-9602-4c1ae855c3a7,Helleborus Queens Red,0.904
485096,Hydrangea Light Pink Large,9d904964-b9e6-4e52-acee-7afbe70a9ec3,Hydrangea Verena Light Pink,0.904
508843,Rose Garden Mayra Bridal Pink Light Pink,44e65fa0-1676-4d10-8b8b-fa8ddea43f96,Garden Roses Mayras Bridal Pink,0.904
8700174,Rose Garden Sunny X-pression Yellow,73fb0818-f002-46f0-a084-07795581304c,Garden Roses Sweet X Pression Yellow,0.904
8700175,Rose Garden Sunny X-pression Yellow,73fb0818-f002-46f0-a084-07795581304c,Garden Roses Sweet X Pression Yellow,0.904
8700176,Rose Garden Sunny X-pression Yellow,73fb0818-f002-46f0-a084-07795581304c,Garden Roses Sweet X Pression Yellow,0.904
486943,Rose Lemonade Green,2baa4433-e80d-426e-b5ca-a724403af683,Roses Lemonade Light Green,0.904
486944,Rose Lemonade Green,2baa4433-e80d-426e-b5ca-a724403af683,Roses Lemonade Light Green,0.904
486945,Rose Lemonade Green,2baa4433-e80d-426e-b5ca-a724403af683,Roses Lemonade Light Green,0.904
485251,Hypericum Green,12e901af-b204-4619-b85e-f9f977a9b9f6,Hypericum Magical Revival Green,0.903
485251,Hypericum Green,12e901af-b204-4619-b85e-f9f977a9b9f6,Hypericum Magical Revival Green,0.903
485252,Hypericum Green,12e901af-b204-4619-b85e-f9f977a9b9f6,Hypericum Magical Revival Green,0.903
884493,Rose Miss Piggy Orange/Pink,30eb8be4-fe8c-4cce-bb54-51d96a1590b0,Roses Miss Piggy Pink,0.903
3770136,Scabiosa Focal Baby Pink Light Pink,2208a135-235f-40da-8b17-45cda7e5d0d4,Scabiosa Pink,0.903
3770137,Scabiosa Focal Baby Pink Light Pink,2208a135-235f-40da-8b17-45cda7e5d0d4,Scabiosa Pink,0.903
489092,Spray Rose Star Blush Blush,259855bb-e812-4400-a6d6-f19bcf1e05d1,Spray Roses Chablis Blush,0.903
487345,Rose Priceless Pink,a7707004-f1b0-43b5-a90c-199e16cf3bad,Roses Priceless Light Pink,0.902
817577,Dianthus Solomio White,d01ee6b8-6da6-4859-a24d-fa966846777d,Dianthus Solomio Vin White,0.901
485246,Hypericum Burgundy,177e6b30-8a3a-4e7e-a903-8f84acc29bf0,Hypericum Magical Universe Burgundy,0.901
485247,Hypericum Burgundy,177e6b30-8a3a-4e7e-a903-8f84acc29bf0,Hypericum Magical Universe Burgundy,0.901
485248,Hypericum Burgundy,177e6b30-8a3a-4e7e-a903-8f84acc29bf0,Hypericum Magical Universe Burgundy,0.901
490606,Lisianthus Pink,a6fe8727-a0e6-48cc-a257-a4ada42199a8,Lisianthus Single Botanic Pink,0.901
3787385,Ranunculus Clooney Peach,08320617-cca0-4f84-a580-15a157ccc316,Ranunculus Peach,0.901
699454,Scabiosa Blackberry Scoop Burgundy,44cf52be-96df-49d2-a9d9-a26ef46978d5,Scabiosa Blackberry Scoop Purple,0.901
485562,Rose Green,218ecc71-18b0-4322-bb49-9ccb63f38dfd,Roses Green,0.9
485563,Rose Green,218ecc71-18b0-4322-bb49-9ccb63f38dfd,Roses Green,0.9
485564,Rose Green,218ecc71-18b0-4322-bb49-9ccb63f38dfd,Roses Green,0.9
884384,Rose High & Yellow Flame Red/Yellow,4f8c1c6f-c0e0-41dc-9179-c1ddb316e83e,Roses High Magic Flame Yellow,0.9
729491,Rose High & Yellow Flame Red/Yellow,4f8c1c6f-c0e0-41dc-9179-c1ddb316e83e,Roses High Magic Flame Yellow,0.9
700059,Rose Paloma Bicolor Light Pink,ed9472da-9aa2-4d66-afe3-db8ff659b0c7,Roses Paloma Pink,0.9
700060,Rose Paloma Bicolor Light Pink,ed9472da-9aa2-4d66-afe3-db8ff659b0c7,Roses Paloma Pink,0.9
700061,Rose Paloma Bicolor Light Pink,ed9472da-9aa2-4d66-afe3-db8ff659b0c7,Roses Paloma Pink,0.9
2576912,Sweet Pea Dyed Yellow,6fef1229-64e2-4549-90ab-7b13ea02e10b,Sweet Peas Yellow,0.9
3653582,Rose Newsflash Yellow/Red,17ef0673-a43b-4099-833a-c6932d681959,Roses News Flash Yellow,0.899
515899,Helleborus White,9e648e15-92bb-40cc-a0c4-e8fca6faadff,Helleborus Queens White,0.898
3456319,Limonium Sinensis Lavender,f95d7a19-ec32-487b-872c-382993f02eb9,Limonium Stream Lavender,0.898
486773,Rose Inocencia White,f6698142-47a7-49e8-9f3c-7166904e4f3d,Roses Inocencia White,0.898
12983858,Anemone Levante White,7b6fb0c0-643a-436f-b712-cc5ee4ad2b8a,Anemone White,0.897
490070,Limonium Maine Blue Blue,8d2725c3-573c-4818-a924-4fbbaa575d53,Limonium Safora Blue,0.897
3653578,Rose Iguazu Red/Cream,06a75d77-bb5f-4099-9bab-e708c020d300,Roses Iguazu Red,0.897
483790,Alstroemeria Pink Fancy,9081143f-3331-4d34-8d76-61811507cc71,Alstroemeria Pink,0.896
4265356,Rose Cleo Light Pink,5ecdfa60-43a2-496e-bc4e-720716722708,Roses Rocio Light Pink,0.896
4265403,Rose Cleo Light Pink,5ecdfa60-43a2-496e-bc4e-720716722708,Roses Rocio Light Pink,0.896
4265216,Rose Garden Mandarin X-pression Pink,38226e76-42d0-4011-bb5a-1fdce75bd581,Garden Roses X Pression Pink,0.896
3912336,Anemone Mistral Bordeaux Burgundy,9ba9513c-137a-44d3-9848-cb68de5d66ce,Anemone Mistral Plus Bordeaux Purple,0.895
1051732,Ranunculus Salmon,4b39964a-ceb1-4b7d-bbf5-4b171495a2fc,Ranunculus Elegance Salmon Salmon Salmon,0.895
12246401,Ranunculus Salmon,4b39964a-ceb1-4b7d-bbf5-4b171495a2fc,Ranunculus Elegance Salmon Salmon Salmon,0.895
517989,Sweet William Purple,d611c3d1-8dbb-4b85-9e2a-70ba9f34550d,Dianthus Sweet William Purple,0.895
485091,Hydrangea Light Blue Medium,367a918a-b6c3-4c0a-a4a9-95e269e72f97,Hydrangea Light Light Blue,0.894
485091,Hydrangea Light Blue Medium,367a918a-b6c3-4c0a-a4a9-95e269e72f97,Hydrangea Light Light Blue,0.894
490887,Lily Oriental Sorbonne Light Pink 3/5b,f5d995a6-5959-463b-8571-1c453e8aaef4,Lilies Oriental Sorbonne Pink,0.894
6886251,Rose Lola Hot Pink,74b99700-190f-4604-9790-6fc28ab478c0,Roses Lola Dark Pink,0.894
2177940,Rose Lola Hot Pink,74b99700-190f-4604-9790-6fc28ab478c0,Roses Lola Dark Pink,0.894
2064351,Rose Lola Hot Pink,74b99700-190f-4604-9790-6fc28ab478c0,Roses Lola Dark Pink,0.894
486499,Rose Geraldine Antique Pink,d5808360-30ad-497d-9972-ed11b9fc1186,Roses Geraldine Pink,0.893
486500,Rose Geraldine Antique Pink,d5808360-30ad-497d-9972-ed11b9fc1186,Roses Geraldine Pink,0.893
483782,Alstroemeria Orange Fancy,077cead9-23ad-4026-a9a8-98955982c9da,Alstroemeria Orange,0.892
879899,Chrysanthemum Disbud Resourci Bronze,7b680ba4-0d6b-4bae-a141-dddf9b2be2bf,Chrysanthemum Disbuds Bronze,0.892
7990026,Rose Pink Champagne Light Pink,e9a378af-c297-4c03-a51f-204f6c39ecf8,Roses Duchesse Light Pink,0.892
487103,Rose Moody Blue Lavender,e865e5d2-b621-4c0d-9bf3-274e831a2c2e,Roses Moody Blues Lavender,0.891
487104,Rose Moody Blue Lavender,e865e5d2-b621-4c0d-9bf3-274e831a2c2e,Roses Moody Blues Lavender,0.891
487105,Rose Moody Blue Lavender,e865e5d2-b621-4c0d-9bf3-274e831a2c2e,Roses Moody Blues Lavender,0.891
489895,Statice Tissue Culture Lavender,49c8dc4c-8895-42a9-9d90-66a150b66dc5,Statice Lavender,0.891
762587,Chrysanthemum Disbud Ball Yellow,d892a206-d066-4193-9b19-9f040a0009b7,Chrysanthemum Disbuds Yellow,0.89
513938,Lily Grass Variegated,d6913139-eb8e-4011-92a9-c3b820591583,Lilly Grass Liriope Variegated Variegated Variegated,0.89
513938,Lily Grass Variegated,d6913139-eb8e-4011-92a9-c3b820591583,Lilly Grass Liriope Variegated Variegated Variegated,0.89
513938,Lily Grass Variegated,d6913139-eb8e-4011-92a9-c3b820591583,Lilly Grass Liriope Variegated Variegated Variegated,0.89
4265272,Rose Absolut in Pink Light Pink,c868ec55-4528-49e0-99c3-d31c6552a2c6,Roses Frutteto Light Pink,0.89
4265319,Rose Absolut in Pink Light Pink,c868ec55-4528-49e0-99c3-d31c6552a2c6,Roses Frutteto Light Pink,0.89
4265366,Rose Absolut in Pink Light Pink,c868ec55-4528-49e0-99c3-d31c6552a2c6,Roses Frutteto Light Pink,0.89
1016455,Rose Finally Dark Red,5a5f84e9-1085-45e2-8bce-4c3c3644a2f9,Roses Finally Red,0.89
1016456,Rose Finally Dark Red,5a5f84e9-1085-45e2-8bce-4c3c3644a2f9,Roses Finally Red,0.89
487423,Rose Red Paris Dark Red,2d62fd40-a53a-436e-9dde-de25a9c5a88a,Roses Paris Red,0.89
487424,Rose Red Paris Dark Red,2d62fd40-a53a-436e-9dde-de25a9c5a88a,Roses Paris Red,0.89
487425,Rose Red Paris Dark Red,2d62fd40-a53a-436e-9dde-de25a9c5a88a,Roses Paris Red,0.89
513655,Gerbera Black Center Pink,dc12ea85-2be7-4b75-b2ab-4db1fec10907,Gerbera Mini Bizar Pink,0.889
1091764,Chrysanthemum Disbud Ball Green,1aa792a3-9ad5-4cbe-8a68-69ef631704fa,Chrysanthemum Disbuds Green,0.888
509943,Hydrangea Shamrock Green/White Medium,ffba9535-08a5-4099-8763-167ef7b25a7e,Hydrangea Shamrock Select Green,0.888
487193,Rose Orange Crush Orange,c55d52c9-04eb-47c3-a945-d4ac99042f4e,Roses Crush Dark Orange,0.888
487194,Rose Orange Crush Orange,c55d52c9-04eb-47c3-a945-d4ac99042f4e,Roses Crush Dark Orange,0.888
487195,Rose Orange Crush Orange,c55d52c9-04eb-47c3-a945-d4ac99042f4e,Roses Crush Dark Orange,0.888
485597,Rose Peach,aa2b80ee-eb35-4e1a-9bfc-3afb90d0b012,Roses Love Peach,0.888
485598,Rose Peach,aa2b80ee-eb35-4e1a-9bfc-3afb90d0b012,Roses Love Peach,0.888
485599,Rose Peach,aa2b80ee-eb35-4e1a-9bfc-3afb90d0b012,Roses Love Peach,0.888
935983,Ruscus Israeli Green 60/,85fa7098-487a-48cb-957e-4b323f1b637d,Ruscus Israeli Green,0.887
484727,Carnation Green Fancy,aac3938f-2de1-4f73-945b-ad9dca027473,Carnation Light Green,0.886
484956,Carnation Peppermint Fancy,92b0e80d-9e76-44fd-9ddc-6d09c4d7d258,Carnation Peppermint Peppermint Peppermint,0.886
2013269,Pompon Daisy Atlantis Dark Pink Lavender,a1ca3f69-3350-48f6-8fbe-a3586af73854,Chrysanthemum Spray Pom Daisy Atlantis Pink,0.886
486060,Rose Cherry O Hot Pink,692bcb92-31d6-401a-bd7d-f1d524b23464,Roses Cherry Oh Pink,0.886
486061,Rose Cherry O Hot Pink,692bcb92-31d6-401a-bd7d-f1d524b23464,Roses Cherry Oh Pink,0.886
486062,Rose Cherry O Hot Pink,692bcb92-31d6-401a-bd7d-f1d524b23464,Roses Cherry Oh Pink,0.886
1784970,Rose Garden Miyabi Pink Shades,30cafb30-ffdb-4ae2-91c3-b9d9876f2ec2,Garden Roses Miyabi Pink,0.886
513364,Amaranthus Upright Red,fbeeb4c0-1e58-46ef-bdcc-25db333350f7,Amaranthus Upright Burgundy,0.885
485556,Rose Cream,068817e0-392b-4a9c-b6f9-051c05f2666c,Roses Sweet Elegance Cream,0.885
485557,Rose Cream,068817e0-392b-4a9c-b6f9-051c05f2666c,Roses Sweet Elegance Cream,0.885
485558,Rose Cream,068817e0-392b-4a9c-b6f9-051c05f2666c,Roses Sweet Elegance Cream,0.885
485893,Rose Boulevard Pink/White,b9b7e6f1-6d99-4630-9d65-0d5b2a1e7db7,Roses Boulevard Light Pink,0.884
485894,Rose Boulevard Pink/White,b9b7e6f1-6d99-4630-9d65-0d5b2a1e7db7,Roses Boulevard Light Pink,0.884
486693,Rose Hot Escimo Pink,dbaa3299-15b4-40c0-b13f-df5db1cda9cd,Roses Sweet Escimo Light Pink,0.883
489018,Spray Rose Red Mikado Dark Red,cfbc6707-fff5-4056-b668-d57e416aef1e,Spray Roses Mikado White,0.883
8698885,Rose Aloha Orange,f778feaf-4a0b-46bb-b961-b067946bcdb8,Roses Kahala Orange,0.882
8698886,Rose Aloha Orange,f778feaf-4a0b-46bb-b961-b067946bcdb8,Roses Kahala Orange,0.882
8698887,Rose Aloha Orange,f778feaf-4a0b-46bb-b961-b067946bcdb8,Roses Kahala Orange,0.882
490058,Yarrow Cottage White,aa5d3d21-f191-49f9-bf54-2c9fa292e80d,Yarrow White,0.882
512405,Rose High & Magic Yellow/Red Tip,3d79707e-8248-40c3-b2c6-468ee560e909,Roses High Magic Yellow,0.881
512406,Rose High & Magic Yellow/Red Tip,3d79707e-8248-40c3-b2c6-468ee560e909,Roses High Magic Yellow,0.881
490286,Rose High & Magic Yellow/Red Tip,3d79707e-8248-40c3-b2c6-468ee560e909,Roses High Magic Yellow,0.881
887976,Scabiosa Lollipop Scoop Red,dc6724b7-839f-433f-a11e-7b913355d141,Scabiosa Lollipop Scoop Dark Pink,0.881
1372587,Hydrangea Light Lavender Large,27fbff04-8342-4ca4-93d1-9db57ff241c9,Hydrangea Antique Jumbo Lavender,0.88
490807,Lily Roselily Pink,a32c0771-b53f-44a3-8edb-76ce0d77b640,Lilies Oriental Roselily Pink,0.88
2008677,Pompon Daisy Atlantis White White,40666288-9c1b-4abf-9c57-0004c80f7ec3,Chrysanthemum Spray Pom Daisy Atlantis White,0.88
509468,Rose Art Deco Light Mauvy Pink,821f52ef-bec0-49b4-b9a9-75c0f3f0d508,Roses Art Deco Pink,0.88
509469,Rose Art Deco Light Mauvy Pink,821f52ef-bec0-49b4-b9a9-75c0f3f0d508,Roses Art Deco Pink,0.88
1079342,Rose Dyed Blue,309dff34-4b01-4ab1-bce8-bc22a25b37db,Roses Blue,0.88
1079343,Rose Dyed Blue,309dff34-4b01-4ab1-bce8-bc22a25b37db,Roses Blue,0.88
939556,Aster Carnival Purple,2771c449-e2af-4c96-a7aa-3ea9a26bbea2,Aster Spray Carnival Solidago Purple,0.879
484807,Carnation Creola Antique Pink Fancy,7dc06d84-b04c-4304-9f34-61b8047eddc4,Carnation Vintage By Vip Pink,0.879
485075,Hydrangea Dark Blue Large,0ffd3ac8-3b68-4ea7-bbbf-d1d5d61fe280,Hydrangea Jumbo Blue,0.879
513937,Lily Grass Green,413fd4f2-3388-43b7-8976-cc48dbd6423e,Lilly Grass Liriope Green,0.879
513937,Lily Grass Green,413fd4f2-3388-43b7-8976-cc48dbd6423e,Lilly Grass Liriope Green,0.879
513937,Lily Grass Green,413fd4f2-3388-43b7-8976-cc48dbd6423e,Lilly Grass Liriope Green,0.879
1810941,Lily Roselily White,b4ae8567-e279-4e01-bc88-d89d5f14626a,Lilies Oriental Roselily White,0.879
1427702,Rose Garden Atomic Red/Orange,b63afff4-5d7d-4578-a213-2c7bc6c1f566,Roses Atomic Orange,0.879
1427705,Rose Garden Atomic Red/Orange,b63afff4-5d7d-4578-a213-2c7bc6c1f566,Roses Atomic Orange,0.879
1427706,Rose Garden Atomic Red/Orange,b63afff4-5d7d-4578-a213-2c7bc6c1f566,Roses Atomic Orange,0.879
644417,Rose Garden Purity White,77f17fb2-8dd3-4b63-86ad-8ebfb2109bdd,Roses High Pure White,0.879
517813,Strawflower Mixed,fbfe2922-98a3-4eab-9fd9-e4156ee643b0,Waxflower Mixed,0.879
939558,Aster Carnival Pink,83d94b82-4b30-4fad-8cb9-d52fa595744a,Aster Spray Carnival Solidago Pink,0.878
514190,Carnation Bernard Dark Pink Fancy,660095ab-270f-4d83-bcef-f8f79389e67b,Carnation Kirsi Dark Pink,0.878
490879,Lily Oriental Siberia White 3/5b,62c27392-a1a3-40d2-a317-2209364871e4,Lilies Oriental Siberia White,0.878
483770,Alstroemeria Hot Pink Fancy,dce8402b-0c6f-425d-964a-dbd363e3c5c3,Alstroemeria Dark Pink,0.877
886704,Pompon Daisy Factor Yellow,b121b1a1-c767-4b82-a8cd-4931ecd1ff01,Chrysanthemum Spray Pom Daisy Factor Yellow,0.877
1012524,Rose Garden Princess Maya Light Pink/Peach,bb3732d4-1386-4165-9764-fcc972a572e5,Garden Roses Princess Maya Peach,0.877
490178,Snapdragon Orange Select,42997f80-812e-423c-9ed4-e600dfdbb818,Snapdragons Orange,0.877
489900,Statice Tissue Culture Yellow,40235410-ac07-4419-b641-ca32a2f8fdd2,Statice Yellow,0.877
517991,Sweet William White,f975520d-9f16-47cb-93a5-27c20b471d9c,Dianthus Sweet William White,0.877
484728,Carnation Green Select,295313a8-2e14-44f3-a071-07bec23515c5,Carnation Green,0.876
490600,Kale White,d83a7445-641f-4c88-bf9e-60eb15551bf3,Kale Crane White,0.876
487889,Rose White Chocolate Cream,523e19fa-b9d3-4196-a90c-ce1b28b2820c,Roses Chocolate White,0.876
487890,Rose White Chocolate Cream,523e19fa-b9d3-4196-a90c-ce1b28b2820c,Roses Chocolate White,0.876
487891,Rose White Chocolate Cream,523e19fa-b9d3-4196-a90c-ce1b28b2820c,Roses Chocolate White,0.876
14766510,Spray Rose Orange Rosever Coral,065f2fb6-7bfc-404f-8254-9f9899f15ad6,Spray Roses Corcega Coral,0.876
14766511,Spray Rose Orange Rosever Coral,065f2fb6-7bfc-404f-8254-9f9899f15ad6,Spray Roses Corcega Coral,0.876
514551,Aspidistra Variegated,36b75d67-defd-4b5e-a3df-218a67d52d21,Aspidistra Variegated Variegated Variegated,0.875
514551,Aspidistra Variegated,36b75d67-defd-4b5e-a3df-218a67d52d21,Aspidistra Variegated Variegated Variegated,0.875
2013245,Pompon Button Paintball Sunny Yellow,f2c48fb0-229c-462b-9f3c-c0d01caf5e1d,Chrysanthemum Spray Pom Button Paintball Yellow,0.875
1089903,Pompon Cushion Tornado Purple,b5650b61-4b40-4f63-9064-d62e9aa66e0a,Chrysanthemum Spray Pom Cushion Tornado Purple,0.875
7431745,Rose Matcha Green/Pink,d85ead2b-0c07-4b0a-a71f-4a0b8233d229,Roses Matcha Lime Lime Green,0.875
2100085,Chrysanthemum Disbud Dark Rossano Lavender,9b6f1f21-804d-41ee-8427-c8264136eb43,Chrysanthemum Disbuds Lavender,0.874
1999674,Chrysanthemum Disbud Fairytale Light Pink,18e1cf7f-d62d-4eb2-aa8a-986f0e6552e2,Chrysanthemum Disbuds Pink,0.874
490065,Liatris Purple,1c6da598-12db-430d-b9c3-6b64c7221d78,Liatris Callilepsis Purple,0.874
490065,Liatris Purple,1c6da598-12db-430d-b9c3-6b64c7221d78,Liatris Callilepsis Purple,0.874
490066,Liatris Purple,1c6da598-12db-430d-b9c3-6b64c7221d78,Liatris Callilepsis Purple,0.874
490066,Liatris Purple,1c6da598-12db-430d-b9c3-6b64c7221d78,Liatris Callilepsis Purple,0.874
490067,Liatris Purple,1c6da598-12db-430d-b9c3-6b64c7221d78,Liatris Callilepsis Purple,0.874
490063,Liatris Purple,1c6da598-12db-430d-b9c3-6b64c7221d78,Liatris Callilepsis Purple,0.874
516208,Palm Leaf Roebelinii Green,7ccc08fc-290e-404c-929c-0a3749116917,Palm Phoenix Roebelenii Green,0.874
5408617,Spray Rose Creta Pale Peach,1f9b4696-a874-4ceb-bda8-57e838bf4db3,Spray Roses Antigua Peach,0.874
513365,Anemone Assorted,e7d33bc5-2eb2-4663-839a-8909742dde40,Anemone Mixed,0.873
490891,Lily Oriental Star Fighter Pink/White 3/5b,108f3355-047d-41f2-96b7-5b91823c5db0,Lilies Oriental Starfighter Pink,0.873
490891,Lily Oriental Star Fighter Pink/White 3/5b,108f3355-047d-41f2-96b7-5b91823c5db0,Lilies Oriental Starfighter Pink,0.873
490607,Lisianthus White,bf509c36-362b-452d-887e-24f0c22e504b,Lisianthus Double Fleurelisa White,0.873
486050,Rose Cherry Brandy Pink/Yellow,9f8302e2-0344-4274-81ca-a1bc33823a56,Roses Cherry Brandy Orange,0.873
486051,Rose Cherry Brandy Pink/Yellow,9f8302e2-0344-4274-81ca-a1bc33823a56,Roses Cherry Brandy Orange,0.873
8700264,Rose Sunny Days Yellow,b7dd5e5d-eebd-4c52-8728-286aaa861c94,Roses Super Sun Yellow,0.873
8700265,Rose Sunny Days Yellow,b7dd5e5d-eebd-4c52-8728-286aaa861c94,Roses Super Sun Yellow,0.873
8700266,Rose Sunny Days Yellow,b7dd5e5d-eebd-4c52-8728-286aaa861c94,Roses Super Sun Yellow,0.873
488615,Solidago Estelle Cream,ae83c765-8f00-4eb6-9996-c311b0d62144,Aster Spray Carnival Solidago Estelle Cream,0.873
1090142,Calla Lily Mini Paco Milka Lavender,5215a506-655b-44b4-872c-94917a09e573,Mini Calla Rubylite Rose Lavender,0.872
484962,Carnation Polimnia Light Yellow Fancy,1ab01d4f-74a0-4154-9193-ece4e9db555a,Carnation Dileta Crema Light Yellow,0.872
491197,Limonium Sinensis Pink,3c93a913-9860-4ea4-9ecb-732a9525bdd8,Limonium Pina Colada Pink,0.872
3309158,Rose Aly Light Pink,a41c28f8-1088-4510-858c-37fb13e8012d,Roses Arleen Light Pink,0.872
3309159,Rose Aly Light Pink,a41c28f8-1088-4510-858c-37fb13e8012d,Roses Arleen Light Pink,0.872
3309160,Rose Aly Light Pink,a41c28f8-1088-4510-858c-37fb13e8012d,Roses Arleen Light Pink,0.872
7431760,Rose Momentum Yellow,4508b65a-faa1-4a7b-957a-e1c42d1a937f,Roses Impact Yellow,0.872
7431761,Rose Momentum Yellow,4508b65a-faa1-4a7b-957a-e1c42d1a937f,Roses Impact Yellow,0.872
8700159,Rose Snowballet White,da0db6cc-b243-40f8-bfd7-a3443d95b0fc,Roses Snowbliss White,0.872
8700160,Rose Snowballet White,da0db6cc-b243-40f8-bfd7-a3443d95b0fc,Roses Snowbliss White,0.872
8700161,Rose Snowballet White,da0db6cc-b243-40f8-bfd7-a3443d95b0fc,Roses Snowbliss White,0.872
489899,Statice Tissue Culture White,b34b35b0-2ad5-4824-aa4f-dd907edb76d4,Statice White,0.872
485827,Rose Black Baccara Dark Red,aa022eef-f6cd-47eb-a201-0f38e47136af,Roses Black Baccara Bordeaux Bordeaux,0.871
485828,Rose Black Baccara Dark Red,aa022eef-f6cd-47eb-a201-0f38e47136af,Roses Black Baccara Bordeaux Bordeaux,0.871
487303,Rose Pink Floyd Hot Pink,c5de60f2-0625-423b-81c6-ca5abf7b9295,Roses Floyd Dark Pink,0.871
487304,Rose Pink Floyd Hot Pink,c5de60f2-0625-423b-81c6-ca5abf7b9295,Roses Floyd Dark Pink,0.871
487305,Rose Pink Floyd Hot Pink,c5de60f2-0625-423b-81c6-ca5abf7b9295,Roses Floyd Dark Pink,0.871
487306,Rose Pink Floyd Hot Pink,c5de60f2-0625-423b-81c6-ca5abf7b9295,Roses Floyd Dark Pink,0.871
8699801,Spray Rose Shining Star White,8b105e13-dddc-4552-a304-bf12b4163cf7,Spray Roses Princess White,0.871
8699867,Spray Rose Shining Star White,8b105e13-dddc-4552-a304-bf12b4163cf7,Spray Roses Princess White,0.871
627848,Leucospermum (Pincushion) Orange,8b1a197e-4ae7-445c-88af-d39836031493,Pincushion Proteas Orange,0.869
8700184,Rose Sweet Cake Pink,159bc5e5-e834-4e23-84d3-7505b58177a8,Roses Cupcake Love Pink,0.869
8700185,Rose Sweet Cake Pink,159bc5e5-e834-4e23-84d3-7505b58177a8,Roses Cupcake Love Pink,0.869
8700186,Rose Sweet Cake Pink,159bc5e5-e834-4e23-84d3-7505b58177a8,Roses Cupcake Love Pink,0.869
484255,Calla Lily White,ed68bbd3-8723-41eb-86f6-4116fed66e09,Callas Crystal White,0.868
484256,Calla Lily White,ed68bbd3-8723-41eb-86f6-4116fed66e09,Callas Crystal White,0.868
484257,Calla Lily White,ed68bbd3-8723-41eb-86f6-4116fed66e09,Callas Crystal White,0.868
4586345,Carnation Premier Purple/White Fancy,fb8b6922-4224-411c-9394-af6158a59086,Carnation Purple,0.868
513651,Gerbera Black Center Orange,20531a63-5002-4654-a47b-83fa3b94e478,Gerbera Mini Sensation Orange,0.868
640268,Limonium Skylight Light Blue,f7326089-f558-4d2c-85d7-d20435183757,Limonium Pina Colada Light Light Blue,0.868
886674,Pompon Cushion Artic Queen White,47ac6dce-9eb1-45e4-b4fd-d1f699ea694c,Chrysanthemum Spray Pom Cushion Artic Queen White,0.868
940996,Pompon Cushion Paulina Dark Purple,edaf9c72-55d9-4013-8dce-06773ccc1105,Chrysanthemum Spray Pom Cushion Paulina Purple,0.868
485474,Pompon Daisy Pink,e9d56635-b43e-47f2-9a7f-a13335aa2454,Chrysanthemum Spray Pom Daisy Pink,0.868
1090749,Rose Sandy Light Pink/Cream,928a5721-53b7-42c8-8289-e4114ab821fb,Roses Sandy Cream,0.868
490173,Snapdragon Yellow Select,0a7db376-3513-45ad-8f4e-3f382fe8f0eb,Snapdragons Yellow,0.868
8699121,Rose Dragonfly Orange,1533e346-27cc-4d38-9391-4ef67edb77f1,Roses Butterfly Orange,0.867
8699122,Rose Dragonfly Orange,1533e346-27cc-4d38-9391-4ef67edb77f1,Roses Butterfly Orange,0.867
8699123,Rose Dragonfly Orange,1533e346-27cc-4d38-9391-4ef67edb77f1,Roses Butterfly Orange,0.867
517934,Sunflower Black Center Yellow,cee39a50-5523-49f5-9fac-91ae146446a1,Sunflower Yellow,0.867
517934,Sunflower Black Center Yellow,cee39a50-5523-49f5-9fac-91ae146446a1,Sunflower Yellow,0.867
627850,Leucospermum (Pincushion) Yellow,d7a9d1d4-feb6-4774-b4c6-6620de462aa4,Pincushion Proteas Yellow,0.866
8699076,Rose Garden Creamykiss Cream,0ed220c8-fe58-4f10-aa7f-e31836b5138e,Garden Roses Purity Cream,0.866
8699080,Rose Garden Creamykiss Cream,0ed220c8-fe58-4f10-aa7f-e31836b5138e,Garden Roses Purity Cream,0.866
1198724,Green Mist Chocolate Brown,a975b199-807c-46a4-92e4-99e844ea5e1c,Queen Annes Lace Chocolate Mist Brown Brown,0.865
1012357,Pompon Cushion Maisy White,0e34ec47-26d3-471f-a8f1-4259e00bddd6,Chrysanthemum Spray Pom Cushion Maissy White,0.865
485467,Pompon Cushion Yellow,dacfaf30-8364-4942-9bee-aa86f000dd8a,Chrysanthemum Spray Pom Cushion Yellow,0.865
884397,Rose Hot Carpe Diem Hot Pink,16488f7e-4206-4899-a4b5-1b771827db06,Roses Hot Lady Pink,0.865
3395277,Rose Victorian Maria Pia Light Pink,44af9a21-263b-4670-b008-926001380b68,Roses Katherine Light Pink,0.865
490528,Snapdragon White Select,fcb9d70c-f2c5-4ca0-9eff-0759f19d93c3,Snapdragons White,0.865
489897,Statice Tissue Culture Pink,ea19e485-3536-4082-9b03-0053e90d76e3,Statice Pink,0.865
485388,Mini Carnation Assorted,adebc370-4123-4bf4-b2b3-6563b2d33781,Mini Carnation Novelty Mixed,0.864
487683,Rose Sweet Escimo Blush,039f0186-7cbf-443d-b903-d354ad62f7c6,Roses Senorita Blush,0.864
487684,Rose Sweet Escimo Blush,039f0186-7cbf-443d-b903-d354ad62f7c6,Roses Senorita Blush,0.864
487685,Rose Sweet Escimo Blush,039f0186-7cbf-443d-b903-d354ad62f7c6,Roses Senorita Blush,0.864
1574207,Spray Rose Gem Star Fuchsia,dd1843b3-5ad6-45d2-9c81-156c32f00951,Spray Roses Gem Star Dark Pink,0.864
1912208,Dianthus Solomio Sem Purple Bicolor,4db06eaa-03a3-4aec-82e8-dad71e76a013,Dianthus Solomio Sem Pink,0.863
490703,Lily Asiatic Assorted,c51e36f4-13ed-4435-a1b8-e4064139ca42,Lilies Oriental Mixed,0.863
490703,Lily Asiatic Assorted,c51e36f4-13ed-4435-a1b8-e4064139ca42,Lilies Oriental Mixed,0.863
884226,Rose Cappuccino Beige,9b3b3b44-682c-4e97-90bf-6d2214acbba4,Roses Cappuccino Brown Brown,0.863
487878,Rose Voodoo Orange,66c13987-4915-48e2-8ab0-ca735d65c387,Roses Voodoo Yellow,0.863
487879,Rose Voodoo Orange,66c13987-4915-48e2-8ab0-ca735d65c387,Roses Voodoo Yellow,0.863
2292976,Spray Rose Galaxy Cream,941aff8d-7dd5-428c-a1d4-e118415f9917,Spray Roses Super Bubbles Cream,0.863
2292977,Spray Rose Galaxy Cream,941aff8d-7dd5-428c-a1d4-e118415f9917,Spray Roses Super Bubbles Cream,0.863
483792,Alstroemeria Pink Select,a6fccdac-baec-4da3-bdca-ae1ce8902963,Alstroemeria Bicolor Pink,0.862
762586,Chrysanthemum Disbud Ball White,be7c01bb-003d-4929-b827-2b18360d7d71,Chrysanthemum Disbuds White,0.862
942304,Pompon Button Becky Light Fuchsia,906cca00-794d-4067-aeef-189eaedefe31,Chrysanthemum Spray Pom Button Becky Pink,0.862
485478,Pompon Daisy Yellow,26a4abc6-e9fb-4123-947e-f7ba8d3a30f8,Chrysanthemum Spray Pom Daisy Yellow,0.862
1006583,Bells of Ireland Green Xlong,7a807e5f-c371-4970-ba7c-0382161d9a1e,Bells Of Ireland Molucella Green,0.861
486270,Rose Early Grey Silver,aa530c1d-1d16-474e-adb8-9aaf51c9b64d,Roses Early Grey Cream,0.861
486271,Rose Early Grey Silver,aa530c1d-1d16-474e-adb8-9aaf51c9b64d,Roses Early Grey Cream,0.861
487793,Rose Twilight Apricot,839e0ad0-594b-4c02-86a4-6a39c7cc767e,Roses Astral Apricot Apricot,0.861
487794,Rose Twilight Apricot,839e0ad0-594b-4c02-86a4-6a39c7cc767e,Roses Astral Apricot Apricot,0.861
1055143,Veronica Light Pink,06a0c228-238e-4fc1-9207-46172bf47e8f,Veronica Smart Enjoyce Pink,0.861
490291,Eucalyptus Baby Blue Blue,4f96e615-17b3-4d1e-b8ba-1951d585fd2d,Eucalyptus Baby Silver,0.86
1007500,Rose Purple Moon Mauve,61b349b4-8178-4323-8484-e83b6cc866ab,Roses Moon Light Purple,0.86
486180,Rose Creme De La Creme Light Yellow,774642a7-40d3-48c6-80f8-c356e766d298,Ranunculus Elegance Creme Light Yellow,0.859
486181,Rose Creme De La Creme Light Yellow,774642a7-40d3-48c6-80f8-c356e766d298,Ranunculus Elegance Creme Light Yellow,0.859
3658111,Rose Lighthouse Yellow,d9443062-f397-4401-8224-8ace29c8ff43,Roses Light House Yellow,0.859
3658112,Rose Lighthouse Yellow,d9443062-f397-4401-8224-8ace29c8ff43,Roses Light House Yellow,0.859
3658113,Rose Lighthouse Yellow,d9443062-f397-4401-8224-8ace29c8ff43,Roses Light House Yellow,0.859
487098,Rose Mondial Cream,d61e9ba0-f0fb-4e89-9430-0700984ce20c,Roses Creme De La Creme Cream,0.859
487099,Rose Mondial Cream,d61e9ba0-f0fb-4e89-9430-0700984ce20c,Roses Creme De La Creme Cream,0.859
487100,Rose Mondial Cream,d61e9ba0-f0fb-4e89-9430-0700984ce20c,Roses Creme De La Creme Cream,0.859
487101,Rose Mondial Cream,d61e9ba0-f0fb-4e89-9430-0700984ce20c,Roses Creme De La Creme Cream,0.859
485120,Hydrangea White Small,c4dd3be9-14d5-4083-8913-93583acedc39,Hydrangea White,0.858
627849,Leucospermum (Pincushion) Red,74280485-a9b3-4b10-b5a7-a9b6a4d65a11,Pincushion Proteas Red,0.858
486310,Rose Encanto Orange/Yellow,ed3e737d-0cb6-4ace-8dd5-49df50f7941a,Roses Espana Orange,0.858
1740638,Rose Sweet 4-Love Light Pink,473bb1c4-93d9-439e-a71c-c0e1bfc2b6c2,Roses Sweet Avalanche Light Pink,0.858
490174,Snapdragon Pink Select,8b46cd80-c47d-4788-826c-3c5295a61e62,Snapdragons Pink,0.858
513375,Anemone Black Center White,1c06c838-bb58-4f31-bd0e-abe1c6f05ebb,Anemone Full Star White,0.856
484963,Carnation Polimnia Light Yellow Select,71c4f272-d18c-4f2c-98eb-17f736ea0f0f,Carnation Bicolor Yellow,0.856
513788,Gerbera Green Center Yellow,f13036a2-58fa-4c94-9558-f6232c2d328b,Gerbera Mini Springtime Yellow,0.856
514034,Protea Brenda Red,ecffb69e-1861-4d48-85ee-eb7bbaee5733,Protea Brenda Pink,0.856
489881,Statice Assorted,47b4fa4a-bd92-49f1-882b-991b1fb7e741,Statice Mixed,0.856
639533,Eryngium Magical Blue Lagoon Blue,6472aed1-0759-4593-a049-8a9c3c4b690a,Star Thistle Lagoon Blue,0.855
485466,Pompon Cushion White,4a468a7b-8b6b-4a65-b2c4-a8f22ce15b52,Chrysanthemum Spray Pom Cushion White,0.854
3849099,Stock Dark Seashell Cream/Pink,46785a21-fd19-4128-8eff-854b62f1dcd0,Stock Dark Pink,0.854
513360,Amaranthus Hanging Red,ac7dc5a8-e6bf-4940-85e2-81eeaeeb7722,Amaranthus Hanging Dark Pink,0.853
488623,Spray Rose Assorted,d7ffbf14-996d-4fbe-b265-7cd0b2e7774b,Spray Roses Mixed,0.853
488624,Spray Rose Assorted,d7ffbf14-996d-4fbe-b265-7cd0b2e7774b,Spray Roses Mixed,0.853
489898,Statice Tissue Culture Purple,cca7bf2f-1471-42a4-bd4d-fec92b81954c,Statice Purple,0.853
514051,Ranunculus Assorted,a70a033e-a2fb-4ce7-bc43-09bd3c3c049b,Ranunculus Mixed,0.851
486588,Rose Hearts Dark Red,c567493c-758b-4937-bb2b-cc578a147f2a,Roses Tinto Dark Red,0.851
486589,Rose Hearts Dark Red,c567493c-758b-4937-bb2b-cc578a147f2a,Roses Tinto Dark Red,0.851
486590,Rose Hearts Dark Red,c567493c-758b-4937-bb2b-cc578a147f2a,Roses Tinto Dark Red,0.851
487354,Rose Purple Cezanne Fuchsia,c026fc29-8550-43ae-a52d-0f666c83da81,Roses Cezanne Pink,0.851
487355,Rose Purple Cezanne Fuchsia,c026fc29-8550-43ae-a52d-0f666c83da81,Roses Cezanne Pink,0.851
4265302,Rose Unforgiven Pink,714ccd56-203e-4213-a689-356db2bb7559,Roses Farfalla Pink,0.851
4265349,Rose Unforgiven Pink,714ccd56-203e-4213-a689-356db2bb7559,Roses Farfalla Pink,0.851
488739,Spray Rose Brilliant Star Lemon Yellow,c1a09616-71ef-49e8-aee6-6be52f7af2fe,Spray Roses Golden Sensation Yellow,0.851
484056,Alstroemeria Orange Queen Orange Fancy,835ce0a8-e3c1-49d3-9817-ea99a6597404,Alstroemeria Dancing Queen Orange,0.85
1008794,Rose Dynamic Light Peach,66b3cb6d-275b-4643-ab0c-1cb2071405c8,Garden Roses Candlelight Peach,0.85
1008795,Rose Dynamic Light Peach,66b3cb6d-275b-4643-ab0c-1cb2071405c8,Garden Roses Candlelight Peach,0.85
1008796,Rose Dynamic Light Peach,66b3cb6d-275b-4643-ab0c-1cb2071405c8,Garden Roses Candlelight Peach,0.85
4586355,Carnation Premier Purple/White Select,ee71d13f-a990-4ce0-841d-0146c63c61bb,Carnation Bicolor Purple,0.849
486754,Rose Imagination Peach,7fcab7e5-13c8-4f7b-9961-ae5913531a7f,Roses Dream In Peach,0.849
4265236,Rose Star Platinum Lavender,a137f31c-983a-434b-bf16-76c98804346a,Hyacinth Star Lavender,0.849
4265252,Rose Star Platinum Lavender,a137f31c-983a-434b-bf16-76c98804346a,Hyacinth Star Lavender,0.849
515858,Green Mist Green,13fccc5e-8ef9-4b8d-9b83-6626ce3363d8,Millet Mist Green,0.848
515858,Green Mist Green,13fccc5e-8ef9-4b8d-9b83-6626ce3363d8,Millet Mist Green,0.848
486563,Rose Green Tea Green,037fd3d1-e44d-4734-bba6-f359f6abe407,Roses Tea Lime Lime Green,0.848
486564,Rose Green Tea Green,037fd3d1-e44d-4734-bba6-f359f6abe407,Roses Tea Lime Lime Green,0.848
486565,Rose Green Tea Green,037fd3d1-e44d-4734-bba6-f359f6abe407,Roses Tea Lime Lime Green,0.848
513367,Anemone Blue,a8aeeeb0-cbf9-43f8-823d-0f4e86c5f9b4,Anemone Mistral Plus Dark Dark Blue,0.847
485475,Pompon Daisy Purple,0ca388df-72aa-409c-b9b8-2020f78900e3,Chrysanthemum Spray Pom Daisy Memphis Purple,0.847
3297914,Scabiosa French Vanilla Scoop Blush,e7b1c782-e34d-4e0b-b553-30164147b48c,Scabiosa Cherry Vanilla Scoop Purple,0.847
483806,Alstroemeria White Fancy,1ef54b5a-bfbb-407d-89d3-94f58d4cafdc,Alstroemeria Concorde White,0.846
513548,Delphinium Belladonna White,a5a96c8b-f7ea-4ee3-81a8-c2a525520118,Delphinium Elatum White,0.846
569150,Eryngium Blue Dynamite Blue,b68ab45a-5d1d-40a0-b869-c6f9b272162f,Star Thistle Dynamite Blue,0.846
491454,Iris Assorted,5613a486-497f-4575-90a6-6c97816975ed,Iris Mixed,0.846
488567,Rose Garden Wanted Burgundy,e71a182f-23a8-4472-88e9-2143c64f9f71,Garden Roses Wanted Red,0.846
542915,Rose Marzipan Beige,3c4abceb-fca2-4d69-aee9-43d3beb29265,Roses Marzipan Blush,0.846
487383,Rose Rainbow Variegated,2423893a-b468-4b6d-9d62-ea0d4e065064,Roses Tinted Rainbow,0.846
487384,Rose Rainbow Variegated,2423893a-b468-4b6d-9d62-ea0d4e065064,Roses Tinted Rainbow,0.846
487385,Rose Rainbow Variegated,2423893a-b468-4b6d-9d62-ea0d4e065064,Roses Tinted Rainbow,0.846
1016093,Rose Wasabi Light Green,4b02cba0-6b6c-4bf6-935d-02048f6a2eb9,Roses Wasabi Lime Lime Green,0.846
1016094,Rose Wasabi Light Green,4b02cba0-6b6c-4bf6-935d-02048f6a2eb9,Roses Wasabi Lime Lime Green,0.846
483775,Alstroemeria Lavender Super Select,16828c78-76a0-4073-8dd4-8e1f745736c9,Alstroemeria Bicolor Lavender,0.845
500207,Bird of Paradise Orange Select,441361b3-347d-4e8e-bddd-a49a188c45ad,Strelitzia Birds Of Paradise Orange,0.845
515893,Helleborus Assorted,9e7b043e-eaf8-442f-a91d-dc5a04cfd442,Helleborus Mixed,0.844
1203980,Rose Garden David Austin Assorted,ae4a35f3-ca8f-4032-9f46-5ba7bf2acf0f,David Austin Garden Roses Mixed,0.844
884806,Rose Garden Mamy Blue Purple,84b77150-11ac-4312-865f-b5c6e8870fe4,Roses Purple,0.844
488307,Rose Garden Mamy Blue Purple,84b77150-11ac-4312-865f-b5c6e8870fe4,Roses Purple,0.844
15185479,Rose Garden Powder Puff Light Pink,adc43e02-f15d-4d84-8fad-c96cb0f27cf9,Garden Roses Secret Garden Light Pink,0.844
15185480,Rose Garden Powder Puff Light Pink,adc43e02-f15d-4d84-8fad-c96cb0f27cf9,Garden Roses Secret Garden Light Pink,0.844
15185481,Rose Garden Powder Puff Light Pink,adc43e02-f15d-4d84-8fad-c96cb0f27cf9,Garden Roses Secret Garden Light Pink,0.844
939557,Aster Carnival White,d461d345-8bb6-4224-a677-03fd9f9c14df,Aster Spray Carnival Solidago White,0.843
485937,Rose Cabaret Cream/Peach,2c6f8943-46db-4cac-b03c-538975fbafa4,Roses Cabaret Pink,0.843
485938,Rose Cabaret Cream/Peach,2c6f8943-46db-4cac-b03c-538975fbafa4,Roses Cabaret Pink,0.843
485939,Rose Cabaret Cream/Peach,2c6f8943-46db-4cac-b03c-538975fbafa4,Roses Cabaret Pink,0.843
485993,Rose Carpe Diem Apricot,26535ac9-31a0-4816-b127-14d69ec37021,Roses Carpe Diem Coral,0.843
485994,Rose Carpe Diem Apricot,26535ac9-31a0-4816-b127-14d69ec37021,Roses Carpe Diem Coral,0.843
5653512,Rose Champagner Peach,d1c33425-3880-40eb-bc44-f348e45f60e5,Roses La Parisienne Peach,0.843
5653513,Rose Champagner Peach,d1c33425-3880-40eb-bc44-f348e45f60e5,Roses La Parisienne Peach,0.843
5653514,Rose Champagner Peach,d1c33425-3880-40eb-bc44-f348e45f60e5,Roses La Parisienne Peach,0.843
2013242,Pompon Button Eagle White,24660572-37e3-4912-a89d-49a255062533,Chrysanthemum Spray Pom Button Eagle White,0.842
513025,Veronica Lavender,3dd3c193-36c2-4e98-9f41-89d958d767be,Veronica Clea June Lavender,0.842
485236,Hypericum Assorted,d63058c9-f704-4146-adad-39630ab23c0e,Hypericum Mixed,0.841
485237,Hypericum Assorted,d63058c9-f704-4146-adad-39630ab23c0e,Hypericum Mixed,0.841
485238,Hypericum Assorted,d63058c9-f704-4146-adad-39630ab23c0e,Hypericum Mixed,0.841
4265379,Rose Love Bites Pink,6fe35942-d9ff-48b1-8f73-cce91357267f,Roses Love Pink,0.841
1818975,Rose Garden Leonora Cream/White,18d29e18-f414-4ccf-8b88-d2365ab9aa51,Garden Spray Roses Salinero Cream,0.84
8247058,Dianthus Solomio Blondfly Yellow,4e2c51cc-5e79-4042-b41c-08a5892bf501,Dianthus Solomio Bern Light Green,0.839
485662,Rose Alejandra Peach,6283927d-2c25-4bcf-a823-42cb74f5c772,Roses Cumbia Peach,0.839
485544,Rose Brown,24a74264-b04e-41d9-8e33-55adfd80271a,Roses Matilda Brown Brown,0.839
485545,Rose Brown,24a74264-b04e-41d9-8e33-55adfd80271a,Roses Matilda Brown Brown,0.839
485546,Rose Brown,24a74264-b04e-41d9-8e33-55adfd80271a,Roses Matilda Brown Brown,0.839
1540957,Aster Sunrio White,13f2ed87-6490-4e37-a78b-69915376e91d,Aster Spray Sunspring White,0.838
509461,Limonium Sinensis Yellow Select,719c44ed-ffc1-40bf-84a4-5fbe10120710,Limonium Pina Colada Yellow,0.838
4265217,Rose Romina Antique Pink,4dc42fc8-8da5-4378-90dc-1974eb2d059d,Roses Vintage Pink,0.838
4265233,Rose Romina Antique Pink,4dc42fc8-8da5-4378-90dc-1974eb2d059d,Roses Vintage Pink,0.838
2008684,Pompon Daisy Alma White,079d34fe-5b0b-4465-a43a-989e6e2a3ce7,Chrysanthemum Spray Pom Daisy Alma White,0.837
579795,Ranunculus Chocolate Brown,e2f7e702-dd3c-4d59-a090-0c69d0cd28cb,Ranunculus Dark Pink,0.837
884812,Rose Garden Mayra Peach Peach,e42fa7cd-cc27-4fff-95ed-28fd7715ecf1,Garden Roses Finess Peach,0.837
700751,Rose Magic Times Red/White Bicolor,8018552c-3f27-49ac-abac-6cf4f9ed3926,Roses Magic Times Pink,0.837
700752,Rose Magic Times Red/White Bicolor,8018552c-3f27-49ac-abac-6cf4f9ed3926,Roses Magic Times Pink,0.837
700753,Rose Magic Times Red/White Bicolor,8018552c-3f27-49ac-abac-6cf4f9ed3926,Roses Magic Times Pink,0.837
632859,Calla Lily Mini Elegant Swan Blush/White,b1e601a3-5511-4f38-8cd0-bedde5ded98b,Mini Calla Aspen White,0.835
485477,Pompon Daisy White,9c59da91-24f4-492e-baac-7640003c3e1b,Chrysanthemum Spray Pom Daisy White,0.835
8699094,Rose Garden Crystal Flame Orange,695e7023-8fbd-428d-a241-5b2ba3bb4d0a,Roses Skyfire Orange,0.835
8699095,Rose Garden Crystal Flame Orange,695e7023-8fbd-428d-a241-5b2ba3bb4d0a,Roses Skyfire Orange,0.835
6841561,Bouquet Bubbly,0d1ae346-339e-4c7d-8bae-8caa9a40501f,Bouquets Fun Miracle Mixed,0.834
1166116,Lepidium Green Dragon Green,1e2ced9e-8701-4443-96f3-ca39d867fc49,Pennycress Dragon Green,0.834
1166116,Lepidium Green Dragon Green,1e2ced9e-8701-4443-96f3-ca39d867fc49,Pennycress Dragon Green,0.834
7431692,Rose Breathless Mauve/Lavender,a233fa9d-8efc-4258-80b9-fef224705d90,Garden Roses Mamy Lavender,0.833
7431693,Rose Breathless Mauve/Lavender,a233fa9d-8efc-4258-80b9-fef224705d90,Garden Roses Mamy Lavender,0.833
7431694,Rose Breathless Mauve/Lavender,a233fa9d-8efc-4258-80b9-fef224705d90,Garden Roses Mamy Lavender,0.833
2061246,Sweet Pea Dyed Orange/Red,46d81800-35da-4d42-b6c8-2150ba9beecf,Sweet Peas Red,0.833
1540958,Aster Sungal Purple,8a888e5d-5b55-41d9-863e-c26cfe3fdd78,Aster Solidago Purple,0.832
1540958,Aster Sungal Purple,8a888e5d-5b55-41d9-863e-c26cfe3fdd78,Aster Solidago Purple,0.832
6841535,Bouquet Special Lady,a791e794-bce1-4e19-82bb-8233a9f1dacb,Bouquets For Her Mixed,0.832
6841536,Bouquet Special Lady,a791e794-bce1-4e19-82bb-8233a9f1dacb,Bouquets For Her Mixed,0.832
485717,Rose Amsterdam Salmon,257fe05a-3f18-4e3b-80be-d5ba086e6270,Roses Azafran Salmon Salmon,0.831
485718,Rose Amsterdam Salmon,257fe05a-3f18-4e3b-80be-d5ba086e6270,Roses Azafran Salmon Salmon,0.831
485719,Rose Amsterdam Salmon,257fe05a-3f18-4e3b-80be-d5ba086e6270,Roses Azafran Salmon Salmon,0.831
14766505,Rose Garden White X-pression White,28838ab2-db64-497b-ac49-afc4b73f086d,Garden Roses Vitality White,0.83
14766507,Rose Garden White X-pression White,28838ab2-db64-497b-ac49-afc4b73f086d,Garden Roses Vitality White,0.83
3653592,Rose Silantoi Golden Orange,1294f5f7-8527-4b8f-bfcc-6f4f10388b9c,Roses Silantoi Yellow,0.83
3653593,Rose Silantoi Golden Orange,1294f5f7-8527-4b8f-bfcc-6f4f10388b9c,Roses Silantoi Yellow,0.83
4931280,Sweet Pea Yuki White,d9be7441-5d75-42fe-ae50-3a2cf191bb3f,Sweet Peas Misty White,0.83
491196,Limonium Sinensis White,195e5b0b-ca7d-4ba5-ab0a-ba1b0245f39a,Gladiolus Colvillei Alba White,0.829
8699161,Rose Happy Bride Pale Pink,dcb54dcf-cff2-4cd2-99bf-3ec2be2e2593,Garden Roses Bridal Piano Light Pink,0.828
8699162,Rose Happy Bride Pale Pink,dcb54dcf-cff2-4cd2-99bf-3ec2be2e2593,Garden Roses Bridal Piano Light Pink,0.828
8699163,Rose Happy Bride Pale Pink,dcb54dcf-cff2-4cd2-99bf-3ec2be2e2593,Garden Roses Bridal Piano Light Pink,0.828
700735,Rose Limonada Green,fff896fc-90c5-4038-9b80-c2e6db989eaa,Roses Limonada Lime Lime Green,0.828
6841522,Bouquet Magnificent Medium,9965d4d9-71fb-4547-bc40-2fe6577399ab,Bouquets Round Calipso Medium Tropical Mixed,0.827
6841523,Bouquet Magnificent Medium,9965d4d9-71fb-4547-bc40-2fe6577399ab,Bouquets Round Calipso Medium Tropical Mixed,0.827
938922,Ranunculus Clooney Hanoi Blush,44a097e5-06f8-4e18-ae0e-d15e51e39ce1,Ranunculus Butterfly Ariadne Blush,0.826
485874,Rose Blush Red/White,6e839a81-8a17-4600-ab66-6a1100199b16,Roses Greatful Blush,0.826
487373,Rose Quicksand Beige,12a5d6ab-de33-4820-898c-f4087830082f,Roses Quicksand Cream,0.825
487373,Rose Quicksand Beige,12a5d6ab-de33-4820-898c-f4087830082f,Roses Quicksand Cream,0.825
487374,Rose Quicksand Beige,12a5d6ab-de33-4820-898c-f4087830082f,Roses Quicksand Cream,0.825
487375,Rose Quicksand Beige,12a5d6ab-de33-4820-898c-f4087830082f,Roses Quicksand Cream,0.825
487376,Rose Quicksand Beige,12a5d6ab-de33-4820-898c-f4087830082f,Roses Quicksand Cream,0.825
6841601,Bouquet Botanical,7b427c66-0e7e-4c54-901f-29c1666d808f,Bouquets Bm Mixed,0.824
6841602,Bouquet Botanical,7b427c66-0e7e-4c54-901f-29c1666d808f,Bouquets Bm Mixed,0.824
513657,Gerbera Black Center Red,b4966f8c-990f-4a89-8076-ca7ea171f4e1,Gerbera Mini Choiz Red,0.824
513023,Veronica Assorted,d1f3c9a1-7b58-4fca-b75b-0400c7910585,Veronica Mixed,0.824
514357,Carnation Tiepolo Fuschia Lavender Fancy,532fbb44-0cf2-47ff-aac7-788e100a9fff,Carnation Violetta By Vip Lavender,0.823
515986,Leather Green,5233d093-4636-409e-bb20-d383b9d3ba20,Leatherleaf Leatherleaf Green,0.823
515986,Leather Green,5233d093-4636-409e-bb20-d383b9d3ba20,Leatherleaf Leatherleaf Green,0.823
515986,Leather Green,5233d093-4636-409e-bb20-d383b9d3ba20,Leatherleaf Leatherleaf Green,0.823
1195880,Pistachio Foliage Green,518c0a60-4701-478b-89b8-a483e766ca28,Leucadendron Pisa Foliage Green,0.821
513127,Rose Grey Knight Grey,23e03356-ca36-410e-b955-42c92c8d2ba0,Roses Grey Knights Lavender,0.821
519858,Rose Grey Knight Grey,23e03356-ca36-410e-b955-42c92c8d2ba0,Roses Grey Knights Lavender,0.821
884566,Rose Queen Berry Fuchsia,1c4adbb0-822f-41c6-809b-6ba67bfc1760,Garden Roses Kate Fuchsia Fuchsia,0.821
672171,Rose Queen Berry Fuchsia,1c4adbb0-822f-41c6-809b-6ba67bfc1760,Garden Roses Kate Fuchsia Fuchsia,0.821
8699269,Rose Nuage Pink,c01e0858-3540-4b6f-9e0c-a813c97c6cc3,Roses Carrousel Pink,0.82
8699270,Rose Nuage Pink,c01e0858-3540-4b6f-9e0c-a813c97c6cc3,Roses Carrousel Pink,0.82
8699271,Rose Nuage Pink,c01e0858-3540-4b6f-9e0c-a813c97c6cc3,Roses Carrousel Pink,0.82
488719,Spray Rose Blue Moon Mauve,44560f6d-c593-4883-8519-c89377e85582,Spray Roses Moon Lavender,0.82
4726126,Garland Gypsophila Tinted Sweet Candy Pink Mix 10',ab06ba35-abc9-4fcc-a71f-d715f6c9d63d,Cymbidium Spray Summer Geysr Candy Pink,0.819
2084874,Rose Garden Coldplay White,8544ebdf-4bee-484b-a4c4-087fff6941a4,Garden Roses Piano White,0.819
1278421,Delphinium Belladonna Assorted,52421a28-6353-4f5b-a3e8-42c714a3047f,Delphinium Belladonna Mixed,0.818
569141,Eryngium Blue Bell Blue,39e46987-8bd0-49b0-8d20-648df4c6af97,Star Thistle Bell Blue,0.818
4265227,Rose Garden Cotton X-pression Cream,31052087-5e26-4a35-a1ad-fbdfacf7b674,Garden Roses Golden Mustard Cream,0.818
4265243,Rose Garden Cotton X-pression Cream,31052087-5e26-4a35-a1ad-fbdfacf7b674,Garden Roses Golden Mustard Cream,0.818
14384775,Spray Rose Fibonacci Nautilus Coral,81feb7da-e423-48ac-9896-568e0370b4df,Spray Roses Barbados Coral,0.818
4293166,Delphinium Hybrid Lilac,7a2fb466-e36a-4932-86c8-cb5c8fbc8583,Delphinium Elatum River Lila Lila,0.817
8699089,Rose Crystal Fairy White,dcf8e9c0-3b19-43d8-8241-c7a8f06c1a9c,Roses Sugar Doll White,0.817
6841513,Bouquet Jovial,c890822e-2e19-4821-81e9-7ea2b8ccb80a,Bouquets A Red,0.815
491529,Plumosa Green,00bf6a7a-367a-41b5-81e0-644a4ffd4c98,Garlands Plumosus Green,0.815
491529,Plumosa Green,00bf6a7a-367a-41b5-81e0-644a4ffd4c98,Garlands Plumosus Green,0.815
1195596,Rose Garden Westminster Abbey Ivory,99e7fba8-ec92-48fc-a845-fd2aed2d69b8,Garden Roses Leonara Ivory,0.815
1195596,Rose Garden Westminster Abbey Ivory,99e7fba8-ec92-48fc-a845-fd2aed2d69b8,Garden Roses Leonara Ivory,0.815
1195598,Rose Garden Westminster Abbey Ivory,99e7fba8-ec92-48fc-a845-fd2aed2d69b8,Garden Roses Leonara Ivory,0.815
7431797,Rose Rhoslyn (aka Cielo aka La Vie En Rose) Pale Pink,474c588e-10bd-431c-8e11-c618b14e5001,Roses Rhoslyn Pink,0.815
7431798,Rose Rhoslyn (aka Cielo aka La Vie En Rose) Pale Pink,474c588e-10bd-431c-8e11-c618b14e5001,Roses Rhoslyn Pink,0.815
7431799,Rose Rhoslyn (aka Cielo aka La Vie En Rose) Pale Pink,474c588e-10bd-431c-8e11-c618b14e5001,Roses Rhoslyn Pink,0.815
3240253,Chrysanthemum Disbud Ball Gustav Purple,f97a1c7a-2aca-4774-a4c5-13e31060f199,Chrysanthemum Disbuds Purple,0.814
6697869,Dianthus Calmfly White,6c170a25-e489-4d2e-85ae-2d8eb071d76c,Dianthus Breanthus New Casttle White,0.814
8699057,Rose Caramel Macchiato Peach/Beige,040ffa1d-cb2e-4e4f-913b-a49dee8e32df,Garden Roses Caramel Antike Peach,0.813
8699059,Rose Caramel Macchiato Peach/Beige,040ffa1d-cb2e-4e4f-913b-a49dee8e32df,Garden Roses Caramel Antike Peach,0.813
1051721,Astrantia Burgundy,0ae9b10f-f156-4433-af78-21684f6ae2c3,Astrantia Mixed,0.811
514217,Carnation Doncel Blush Fancy,abc65461-0901-44ac-bb67-15c814a06de8,Carnation Doncel Light Pink,0.811
485050,Fuji Anastasia White,df575412-0607-4cba-986b-13f851f38383,Roses Anastasia White,0.811
485468,Pompon Daisy Assorted,8ade6171-ee2e-4f05-99a6-eb41b364051a,Chrysanthemum Spray Pom Daisy Alero Aprico Apricot Apricot,0.811
487770,Rose Topaz Fuchsia,0071b7b4-0147-4960-bdb0-ac337f5171e1,Roses Topaz Dark Pink,0.811
487771,Rose Topaz Fuchsia,0071b7b4-0147-4960-bdb0-ac337f5171e1,Roses Topaz Dark Pink,0.811
6841528,Bouquet Munchie,51f95830-0b7d-42db-828c-70faf55a4198,Bouquets Roses Incl Gyp Filler And Food Mixed,0.81
6841529,Bouquet Munchie,51f95830-0b7d-42db-828c-70faf55a4198,Bouquets Roses Incl Gyp Filler And Food Mixed,0.81
4726075,Garland Gypsophila Tinted Light Pink 10',38171cb9-2a77-42cf-92f0-d4274db2fef8,Cymbidium Mini Parfait Light Pink,0.81
484146,Aster Matsumoto Red,6069b93c-fe61-4d03-8ee8-8935735ac7bd,Aster Solidago Red,0.809
484146,Aster Matsumoto Red,6069b93c-fe61-4d03-8ee8-8935735ac7bd,Aster Solidago Red,0.809
6841502,Bouquet Brighten Up Small,f0abf00d-c44a-4649-ac0c-cfd7372b1212,Bouquets Mini Tropical Mixed,0.809
6841503,Bouquet Brighten Up Small,f0abf00d-c44a-4649-ac0c-cfd7372b1212,Bouquets Mini Tropical Mixed,0.809
4618493,Garland Gypsophila Tinted Green 5',e949f8f7-7bed-4337-84e6-e4a42951b4dc,Garlands Tree Fern Green,0.809
485511,Pompon Santini Yellow,cd16274b-78e1-4f3c-a370-75745b6d7fc0,Chrysanthemum Micro Pom Santini Super B Yellow,0.809
1756003,Rose Heart of Gold Gold,f1c2272a-cd3b-40b1-a5e3-8f8b2f527d94,Roses Tinted Gold,0.809
517988,Sweet William Hot Pink,84da8eb3-1f14-4a1c-9bd0-d91290318d29,Dianthus Sweet William Pink,0.809
8699217,Rose Mamma Mia Red,47ac74bf-02be-45ad-b101-b003258a3b13,Roses Mata Red,0.808
8699218,Rose Mamma Mia Red,47ac74bf-02be-45ad-b101-b003258a3b13,Roses Mata Red,0.808
8699219,Rose Mamma Mia Red,47ac74bf-02be-45ad-b101-b003258a3b13,Roses Mata Red,0.808
1435609,Chrysanthemum Disbud Romancero Salmon,9949798d-7135-45d7-aa02-24af3f47a3e1,Chrysanthemum Disbuds Lila,0.807
4726064,Garland Gypsophila Xlence Natural White 10',21b3b64e-e2f2-4f88-b1cc-f75b00ab956c,Cymbidium Mini Insigne White,0.807
6841589,Bouquet Alstro Rose Polychromatic Medium,dc65e942-d897-4d07-b550-ca129e12280d,Roses Bicolor Mixed,0.806
6841591,Bouquet Alstro Rose Polychromatic Medium,dc65e942-d897-4d07-b550-ca129e12280d,Roses Bicolor Mixed,0.806
515305,Dahlia Burgundy,cc95baa3-f410-4c49-ad88-2ca102485660,Carnation Minerva Burgundy,0.806
4726065,Garland Gypsophila Tinted Green 10',98bf5eef-4deb-4087-b6cd-4a74a66cdada,Garlands Plumosus Tree Fern Green,0.806
8700214,Rose Watergame Pink,18808503-b5c9-444b-8a62-d08df73d950b,Roses Nautica Light Pink,0.806
8700215,Rose Watergame Pink,18808503-b5c9-444b-8a62-d08df73d950b,Roses Nautica Light Pink,0.806
8700216,Rose Watergame Pink,18808503-b5c9-444b-8a62-d08df73d950b,Roses Nautica Light Pink,0.806
6841506,Bouquet Brighten Up Large,d3771197-282b-43a2-b1de-da03a4e24ace,Bouquets Spring Mixed,0.805
6841507,Bouquet Brighten Up Large,d3771197-282b-43a2-b1de-da03a4e24ace,Bouquets Spring Mixed,0.805
1457842,Mum Magnum Yellow Yellow,72fb380f-50ce-4d0b-a5a4-1fbafde4c41f,Cymbidium Mini Jody Yellow,0.805
486140,Rose Coral Reef Coral,0b5aee06-c8d2-46a2-b8b0-875117cedb39,Roses Imagination Coral,0.805
486141,Rose Coral Reef Coral,0b5aee06-c8d2-46a2-b8b0-875117cedb39,Roses Imagination Coral,0.805
486142,Rose Coral Reef Coral,0b5aee06-c8d2-46a2-b8b0-875117cedb39,Roses Imagination Coral,0.805
6841504,Bouquet Brighten Up Medium,b5c55efe-c120-4c5e-9998-a39c3df44108,Bouquets Mini Pastel Mixed,0.804
6841505,Bouquet Brighten Up Medium,b5c55efe-c120-4c5e-9998-a39c3df44108,Bouquets Mini Pastel Mixed,0.804
4726083,Garland Gypsophila Tinted Yellow 10',f87f13b7-4529-4c58-826c-74df583aae9c,Cymbidium Mini Wishflor Yellow,0.804
485538,Rose Assorted,c4cff4dd-9e1b-4d8d-b213-9f9cd71bc4dd,Roses Novelty Mixed,0.804
485539,Rose Assorted,c4cff4dd-9e1b-4d8d-b213-9f9cd71bc4dd,Roses Novelty Mixed,0.804
485540,Rose Assorted,c4cff4dd-9e1b-4d8d-b213-9f9cd71bc4dd,Roses Novelty Mixed,0.804
485541,Rose Assorted,c4cff4dd-9e1b-4d8d-b213-9f9cd71bc4dd,Roses Novelty Mixed,0.804
6407985,Rose Silver Sand Grey,63bb7d16-22b7-4bda-94f6-436afc5dd77b,Roses Tinted Silver,0.804
490631,Stock Assorted Select,0f6112ef-bf40-4bc4-a053-f6766e388199,Stock Mixed,0.804
490627,Stock Red Select,306fd629-2147-42aa-949f-4dc0432692c1,Stock Redisch Purple,0.804
484171,Bromeliad Red,4da4c269-fe26-4e25-82fe-aabf274af006,Cymbidium Spray Red,0.803
491467,Iris Telstar Dark Blue,e4027ef5-3aea-4897-b09f-e0cae735a5d2,Iris Blue,0.803
884176,Rose Ascot Dark Purple,f36906f3-c41b-43e1-85c5-3f436428b97e,Garden Roses Baronesse Dark Pink,0.803
9082367,Rose Garden Degas Bronze,023b9270-dbf2-42e5-bf03-d3d0b2d95d6a,Roses Toffee Bronze Bronze,0.803
1829817,Rose Garden Queens Crown Mauve,2c37495a-a543-43e3-b594-9fe9306e158e,Garden Roses Queens Crown Lavender,0.803
1829818,Rose Garden Queens Crown Mauve,2c37495a-a543-43e3-b594-9fe9306e158e,Garden Roses Queens Crown Lavender,0.803
487624,Rose Soulmate Mauve,2c666c83-0d5c-4a44-a673-e264389a19b6,Roses Soulmate Pink,0.803
487625,Rose Soulmate Mauve,2c666c83-0d5c-4a44-a673-e264389a19b6,Roses Soulmate Pink,0.803
6841577,Bouquet Messy with Roses Medium,d249ac48-0eb3-4c75-91aa-9868ce34760a,Roses Mixed,0.802
6841579,Bouquet Messy with Roses Medium,d249ac48-0eb3-4c75-91aa-9868ce34760a,Roses Mixed,0.802
4931281,Sweet Pea Miki Blush,6c3d9c99-26eb-460c-864f-ff1e5a64071f,Garden Roses Kamishi Blush,0.802
484144,Aster Matsumoto Pink,2bfb011d-b16c-437b-904a-6621f75fa270,Aster Solidago Pink,0.801
484935,Carnation Novelty Pack Assorted Select,662d86f9-a874-4d93-9bf0-26021fe24294,Carnation Novelty Mixed,0.801
516164,Myersii (Foxtail Fern) Green,93d6a187-1b51-4c57-a8e9-2cb1dbad7456,Fern Foliate Green,0.801
516164,Myersii (Foxtail Fern) Green,93d6a187-1b51-4c57-a8e9-2cb1dbad7456,Fern Foliate Green,0.801
3653567,Rose Hilux Dark Coral,01e72609-7ca9-4bcf-a3ac-7a73372e4e6e,Roses Hilux Dark Orange,0.801
3653568,Rose Hilux Dark Coral,01e72609-7ca9-4bcf-a3ac-7a73372e4e6e,Roses Hilux Dark Orange,0.801
8700238,Rose Wildcat Orange/Coral,ced01f80-2bd2-4e13-a6c2-5f971f160ed7,Roses Reef Light Orange,0.801
8700239,Rose Wildcat Orange/Coral,ced01f80-2bd2-4e13-a6c2-5f971f160ed7,Roses Reef Light Orange,0.801
8700240,Rose Wildcat Orange/Coral,ced01f80-2bd2-4e13-a6c2-5f971f160ed7,Roses Reef Light Orange,0.801
