mayesh_product_name,competitor_product_id,stem_length
Achillea Ptarmica Pearl White,8448957,
Agapanthus Blue,490587,
Alstroemeria Assorted Fancy,483746,
Alstroemeria Assorted Select,483748,
Alstroemeria Assorted Super Select,490071,
Alstroemeria Dirty Dancing Cream Fancy,941009,
Alstroemeria Dirty Dancing Cream Select,941010,
Alstroemeria Dirty Dancing Cream Super Select,941011,
Alstroemeria Dubai Light Pink Fancy,1032020,
Alstroemeria Dubai Light Pink Select,1032021,
Alstroemeria Fifi Light Pink Fancy,940749,
Alstroemeria Fifi Light Pink Select,940750,
Alstroemeria Fifi Light Pink Super Select,940751,
Alstroemeria Galaxy Lavender Fancy,1050611,
Alstroemeria Galaxy Lavender Select,1050612,
Alstroemeria Galaxy Lavender Super Select,1050613,
Alstroemeria Green Planet Green Select,14631876,
Alstroemeria Hot Pink Fancy,483770,
Alstroemeria Hot Pink Select,483772,
Alstroemeria Hot Pink Super Select,483771,
Alstroemeria Lavender Fancy,483774,
Alstroemeria Lavender Select,483776,
Alstroemeria Lavender Super Select,483775,
Alstroemeria Nadya Red Fancy,484032,
Alstroemeria Nadya Red Select,484034,
Alstroemeria Nadya Red Super Select,484033,
Alstroemeria Orange Fancy,483782,
Alstroemeria Orange Queen Orange Fancy,484056,
Alstroemeria Orange Queen Orange Select,484058,
Alstroemeria Orange Queen Orange Super Select,484057,
Alstroemeria Orange Select,483784,
Alstroemeria Orange Super Select,483783,
Alstroemeria Pink Fancy,483790,
Alstroemeria Pink Select,483792,
Alstroemeria Pink Super Select,483791,
Alstroemeria Pink/White Fancy,1822882,
Alstroemeria Pink/White Select,1822883,
Alstroemeria Pink/White Super Select,1822884,
Alstroemeria Primadonna Pink Fancy,484068,
Alstroemeria Primadonna Pink Select,484070,
Alstroemeria Primadonna Pink Super Select,484069,
Alstroemeria Shakira Green Select,646524,
Alstroemeria Tampa Orange Fancy,484108,
Alstroemeria Tampa Orange Select,484110,
Alstroemeria Voyager Yellow Fancy,645935,
Alstroemeria Voyager Yellow Select,645936,
Alstroemeria Whistler White Fancy,1052764,
Alstroemeria Whistler White Select,1052765,
Alstroemeria Whistler White Super Select,1052766,
Alstroemeria White Fancy,483806,
Alstroemeria White Select,483808,
Alstroemeria White Super Select,483807,
Amaranthus Hanging Green,500277,
Amaranthus Hanging Red,513360,
Amaranthus Upright Red,513364,
Anemone Assorted,513365,
Anemone Black Center White,513375,
Anemone Blue,513367,
Anemone Blush,513366,
Anemone Levante Blue,12983878,
Anemone Levante Fuchsia,12983873,
Anemone Levante Pink,12983877,
Anemone Levante Red,12983905,
Anemone Levante White,12983858,
Anemone Mistral Bordeaux Burgundy,3912336,
Anemone Mistral Grape Purple,3111261,
Anemone Red,513373,
Aralia Leaves Green,514524,
Aspidistra Green,514550,
Aspidistra Green,514550,
Aspidistra Variegated,514551,
Aspidistra Variegated,514551,
Aster Carnival Pink,939558,
Aster Carnival Purple,939556,
Aster Carnival White,939557,
Aster Matsumoto Assorted,484140,
Aster Matsumoto Hot Pink,484141,
Aster Matsumoto Hot Pink,484141,
Aster Matsumoto Pink,484144,
Aster Matsumoto Purple,484145,
Aster Matsumoto Purple,484145,
Aster Matsumoto Red,484146,
Aster Matsumoto Red,484146,
Aster Matsumoto White,484147,
Aster Matsumoto White,484147,
Aster Montecasino White,484153,
Aster Sungal Purple,1540958,60.0
Aster Sungal Purple,1540958,60.0
Aster Sunrio White,1540957,60.0
Astrantia Burgundy,1051721,
Atriplex Green,514564,
Bells of Ireland Green Long,666513,
Bells of Ireland Green Medium,666512,
Bells of Ireland Green Xlong,1006583,
Bird of Paradise Orange Select,500207,
Bouquet Alstro Rose Monochromatic Large,6841586,40.0
Bouquet Alstro Rose Monochromatic Large,6841588,50.0
Bouquet Alstro Rose Monochromatic Medium,6841585,40.0
Bouquet Alstro Rose Monochromatic Medium,6841587,50.0
Bouquet Alstro Rose Polychromatic Large,6841590,40.0
Bouquet Alstro Rose Polychromatic Large,6841592,50.0
Bouquet Alstro Rose Polychromatic Medium,6841589,40.0
Bouquet Alstro Rose Polychromatic Medium,6841591,50.0
Bouquet Artisan Large,6841582,40.0
Bouquet Artisan Large,6841584,50.0
Bouquet Artisan Medium,6841581,40.0
Bouquet Artisan Medium,6841583,50.0
Bouquet Biedermeier,6841501,25.0
Bouquet Botanical,6841601,40.0
Bouquet Botanical,6841602,50.0
Bouquet Brighten Up Large,6841506,40.0
Bouquet Brighten Up Large,6841507,50.0
Bouquet Brighten Up Medium,6841504,40.0
Bouquet Brighten Up Medium,6841505,50.0
Bouquet Brighten Up Small,6841502,40.0
Bouquet Brighten Up Small,6841503,50.0
Bouquet Bubbly,6841561,40.0
Bouquet Captivating,6841567,40.0
Bouquet Captivating,6841568,50.0
Bouquet Comely,6841508,40.0
Bouquet Comely,6841509,50.0
Bouquet Country Chic,6841510,20.0
Bouquet Feelings Large,6841570,40.0
Bouquet Feelings Large,6841572,50.0
Bouquet Feelings Medium,6841569,40.0
Bouquet Feelings Medium,6841571,50.0
Bouquet Jovial,6841513,35.0
Bouquet Love & Instinct,6841518,40.0
Bouquet Love & Instinct,6841519,50.0
Bouquet Love Drop,6841516,40.0
Bouquet Love Drop,6841517,50.0
Bouquet Lovely Present,6841520,40.0
Bouquet Lovely Present,6841521,50.0
Bouquet Magnetizing,6841566,40.0
Bouquet Magnificent Large,6841524,40.0
Bouquet Magnificent Large,6841525,48.0
Bouquet Magnificent Medium,6841522,40.0
Bouquet Magnificent Medium,6841523,48.0
Bouquet Messy No Roses Large,6841574,40.0
Bouquet Messy No Roses Large,6841576,50.0
Bouquet Messy No Roses Medium,6841573,40.0
Bouquet Messy No Roses Medium,6841575,50.0
Bouquet Messy with Roses Large,6841578,40.0
Bouquet Messy with Roses Large,6841580,50.0
Bouquet Messy with Roses Medium,6841577,40.0
Bouquet Messy with Roses Medium,6841579,50.0
Bouquet Mommys Love,6841526,40.0
Bouquet Mommys Love,6841527,50.0
Bouquet Motherhood,6841603,40.0
Bouquet Motherhood,6841604,50.0
Bouquet Munchie,6841528,40.0
Bouquet Munchie,6841529,50.0
Bouquet Perfect Gift,6841530,40.0
Bouquet Perfect Gift,6841531,50.0
Bouquet Petite Program,6841532,18.0
Bouquet Precious Present,6841533,40.0
Bouquet Precious Present,6841534,50.0
Bouquet Shapely,6841562,40.0
Bouquet Shapely,6841563,50.0
Bouquet Special Lady,6841535,40.0
Bouquet Special Lady,6841536,50.0
Bouquet Strong Heart,6841537,40.0
Bouquet Strong Heart,6841538,50.0
Bouquet Succulent Large,6841594,40.0
Bouquet Succulent Large,6841596,50.0
Bouquet Succulent Medium,6841593,40.0
Bouquet Succulent Medium,6841595,50.0
Bouquet Supreme Large Program,6841543,35.0
Bouquet Supreme Large Program,6841544,50.0
Bouquet Supreme Medium Program,6841541,35.0
Bouquet Supreme Medium Program,6841542,50.0
Bouquet Supreme Small Program,6841539,35.0
Bouquet Supreme Small Program,6841540,50.0
Bouquet Tempting,6841559,40.0
Bouquet Tempting,6841560,50.0
Bouquet Tender Love,6841545,40.0
Bouquet Tender Love,6841546,50.0
Bouquet The Farm House Bouquet,6841555,40.0
Bouquet The Farm House Bouquet,6841556,50.0
Bouquet Tinted Craspedia Large,6841598,40.0
Bouquet Tinted Craspedia Large,6841600,50.0
Bouquet Tinted Craspedia Medium,6841597,40.0
Bouquet Tinted Craspedia Medium,6841599,50.0
Bouquet Victorian Medium,6841549,25.0
Bouquet Victorian Medium,6841550,50.0
Bouquet Victorian Small,6841547,25.0
Bouquet Victorian Small,6841548,50.0
Bouquet Wonder Breeze,6841551,40.0
Bouquet Wonder Breeze,6841552,50.0
Bouquet Zen Garden,6841564,40.0
Bouquet Zen Garden,6841565,50.0
Bromeliad Red,484171,
Bupleurum Green,490599,
Bupleurum Green,490599,
Calla Lily Mini Assorted,484178,40.0
Calla Lily Mini Assorted,484179,50.0
Calla Lily Mini Burgundy,484192,40.0
Calla Lily Mini Burgundy,484193,50.0
Calla Lily Mini Elegant Swan Blush/White,632859,
Calla Lily Mini Garnet Glow Hot Pink,484419,50.0
Calla Lily Mini Orange,484228,50.0
Calla Lily Mini Paco Milka Lavender,1090142,50.0
Calla Lily Mini Pink,484241,40.0
Calla Lily Mini Pink Jewel Dark Pink,1054883,40.0
Calla Lily Mini Yellow,484262,40.0
Calla Lily Mini Yellow,484263,50.0
Calla Lily Mini Yellow,484264,60.0
Calla Lily Super White,484681,80.0
Calla Lily White,484255,40.0
Calla Lily White,484256,50.0
Calla Lily White,484257,60.0
Campanula Lavender,513535,
Campanula Pink,490412,
Campanula Purple,490413,
Campanula White,490411,
Carnation Bernard Dark Pink Fancy,514190,
Carnation Bernard Dark Pink Select,514191,
Carnation Bizet Hot Pink Fancy,484789,
Carnation Bizet Hot Pink Select,484790,
Carnation Brut Blush Fancy,823384,
Carnation Brut Blush Select,823385,
Carnation Burgundy Fancy,484715,
Carnation Burgundy Select,484716,
Carnation Cream Fancy,484719,
Carnation Cream Select,484720,
Carnation Creola Antique Pink Fancy,484807,
Carnation Creola Antique Pink Select,484808,
Carnation Diletta Cream Cream Fancy,514213,
Carnation Diletta Cream Cream Select,514214,
Carnation Dollar Dark Pink Fancy,4586342,
Carnation Dollar Dark Pink Select,4586352,
Carnation Doncel Blush Fancy,514217,
Carnation Doncel Blush Select,514218,
Carnation Farida Lavender Fancy,484827,
Carnation Farida Lavender Select,484828,
Carnation Golem Purple Fancy,514234,
Carnation Golem Purple Select,514235,
Carnation Green Fancy,484727,
Carnation Green Select,484728,
Carnation Hot Pink Fancy,484731,
Carnation Hot Pink Select,484732,
Carnation Ikebana Medium Pink Fancy,644153,
Carnation Ikebana Medium Pink Select,644154,
Carnation Kaori Pink Fancy,514261,
Carnation Kaori Pink Select,514262,
Carnation Komachi Pink/White Fancy,484860,
Carnation Komachi Pink/White Select,484861,
Carnation Lege Marrone Beige Fancy,799473,
Carnation Lege Marrone Beige Select,799475,
Carnation Lege Pink Pink Fancy,484866,
Carnation Lege Pink Pink Select,484867,
Carnation Light Pink Fancy,484739,
Carnation Light Pink Select,484740,
Carnation Lizzy Peach Fancy,484875,
Carnation Lizzy Peach Select,484876,
Carnation Novelty Pack Assorted Fancy,484934,
Carnation Novelty Pack Assorted Select,484935,
Carnation Novia Peach Fancy,484937,
Carnation Novia Peach Select,514332,
Carnation Orange Fancy,484743,
Carnation Orange Hermes Orange Fancy,514238,
Carnation Orange Hermes Orange Select,514239,
Carnation Orange Select,484744,
Carnation Peach Fancy,484747,
Carnation Peach Select,484748,
Carnation Peppermint Fancy,484956,
Carnation Peppermint Select,484957,
Carnation Pink Fancy,484751,
Carnation Pink Select,484752,
Carnation Polimnia Light Yellow Fancy,484962,
Carnation Polimnia Light Yellow Select,484963,
Carnation Premier Purple/White Fancy,4586345,
Carnation Premier Purple/White Select,4586355,
Carnation Red Fancy,484759,
Carnation Red Select,484760,
Carnation Rodas Cream Fancy,1051167,
Carnation Rodas Cream Select,1051168,
Carnation Tiepolo Fuschia Lavender Fancy,514357,
Carnation Tiepolo Fuschia Lavender Select,514358,
Carnation White Fancy,484767,
Carnation White Select,484768,
Carnation Yellow Fancy,484771,
Carnation Yellow Select,484772,
CB Rose 12 Stem Assorted,513502,40.0
CB Rose 12 Stem Assorted,513503,50.0
CB Rose 12 Stem Red,513506,40.0
CB Rose 12 Stem Red,513507,50.0
CB Rose 12 Stem Red/Assorted,1814392,40.0
CB Rose 12 Stem Red/Assorted,1814394,50.0
CB Rose Assorted 10 Stem,3638498,10.0
CB Rose Assorted 10 Stem,3691397,10.0
CB Rose 6st Assorted,3052188,40.0
CB Rose 6st Assorted,3052189,50.0
CB Rose 6st Red,3052190,40.0
CB Rose 6st Red,3052202,50.0
CB Rose 6st Red/Assorted,3052177,40.0
CB Rose 6st Red/Assorted,3052185,50.0
CB Rose Assorted 6 Stem,2937184,60.0
CB Rose One Dozen Assorted,3204730,70.0
CB Rose Pink 12 Stem,4177444,12.0
CB Rose Two Dozen Assorted,3198437,70.0
CB Rose White 12 Stem,4177446,12.0
Chrysanthemum Disbud Ball Green,1091764,
Chrysanthemum Disbud Ball Gustav Purple,3240253,
Chrysanthemum Disbud Ball White,762586,
Chrysanthemum Disbud Ball Yellow,762587,
Chrysanthemum Disbud Creme Brulee Yellow,2025973,
Chrysanthemum Disbud Dark Rossano Lavender,2100085,
Chrysanthemum Disbud Fairytale Light Pink,1999674,
Chrysanthemum Disbud Linette Peach,1812281,
Chrysanthemum Disbud Red,514808,
Chrysanthemum Disbud Resourci Bronze,879899,
Chrysanthemum Disbud Romancero Salmon,1435609,
Chrysanthemum Disbud Tornado Red,762592,
Cocculus Green,514836,
Commodore Teepee Green,514843,
Commodore Teepee Green,514843,
Craspedia Billy Balls Yellow,627846,
Cremons Assorted,490520,
Cremons Purple,485024,
Cremons Rossano Charlotte Pink/Green,988313,
Cremons White,485025,
Cremons Yellow,485026,
Dahlia Assorted,515298,
Dahlia Burgundy,515305,
Dahlia Cafe Au Lait Cream,515349,
Dahlia Orange,515315,
Dahlia Pink,515317,
Dahlia Red,515319,
Dahlia White,515325,
Delphinium Belladonna Assorted,1278421,
Delphinium Belladonna White,513548,
Delphinium Elatum Black Velvet Purple,889280,100.0
Delphinium Elatum Manuela Lavender,3820618,100.0
Delphinium Hybrid Dark Blue,513552,
Delphinium Hybrid Dark Blue,12851921,80.0
Delphinium Hybrid Lavender,513553,
Delphinium Hybrid Lavender,12851932,80.0
Delphinium Hybrid Lilac,4293166,
Delphinium Hybrid White,5562482,70.0
Delphinium Hybrid White,5562438,80.0
Delphinium Sea Waltz Dark Blue,643952,60.0
Delphinium Sea Waltz Dark Blue,643952,60.0
Delphinium Sea Waltz Dark Blue,643954,80.0
Delphinium Sea Waltz Dark Blue,643954,80.0
Delphinium Sea Waltz Dark Blue,643955,90.0
Delphinium Sky Waltz Light Blue,643957,60.0
Delphinium Sky Waltz Light Blue,643957,60.0
Delphinium Sky Waltz Light Blue,643959,80.0
Delphinium Sky Waltz Light Blue,643959,80.0
Delphinium Volkerfrieden Dark Blue,490521,60.0
Delphinium Volkerfrieden Dark Blue,636942,70.0
Dianthus Calmfly White,6697869,
Dianthus Green Ball Green Fancy,850182,
Dianthus Raffine Petit Aimee Light Pink,942440,
Dianthus Solomio Blondfly Yellow,8247058,
Dianthus Solomio Cas Light Pink,1562068,
Dianthus Solomio Fen Orange,500194,
Dianthus Solomio Imre Hot Pink,500196,
Dianthus Solomio Pink,4731976,
Dianthus Solomio Sem Purple Bicolor,1912208,
Dianthus Solomio White,817577,
Dusty Miller Large Leaf Silver,490061,40.0
Dusty Miller Large Leaf Silver,490061,40.0
Dusty Miller Large Leaf Silver,490206,50.0
Dusty Miller Large Leaf Silver,490206,50.0
Eryngium Blue Bell Blue,569141,60.0
Eryngium Blue Dynamite Blue,569150,55.0
Eryngium Magical Blue Lagoon Blue,639533,60.0
Eryngium Magical White Lagoon White,11824116,60.0
Eryngium Silver Dynamite Grey/Green,3311054,50.0
Eryngium Silver Dynamite Grey/Green,3311060,60.0
Eucalyptus Baby Blue Blue,490291,
Eupatorium Assorted,1714809,
Eupatorium Pink,515467,
Eupatorium White,515468,
Fern Sea Star Green,515486,
Flexigrass Green,515492,
Fuji Anastasia Green,485047,
Fuji Anastasia White,485050,
Fuji Assorted,485036,
Fuji Green,485039,
Fuji Hydra Pink,490215,
Fuji Nexus Dark Purple,509380,
Fuji Yazoo White,509379,
Galax Green,509425,
Galax Green,509425,
Garland Gypsophila Tinted Blue 10',4726069,10.0
Garland Gypsophila Tinted Blue 5',4618509,5.0
Garland Gypsophila Tinted Brown 10',4726079,10.0
Garland Gypsophila Tinted Brown 5',4618516,5.0
Garland Gypsophila Tinted Coffee Toffee Light Brown 10',4726081,10.0
Garland Gypsophila Tinted Coffee Toffee Light Brown 5',4618526,5.0
Garland Gypsophila Tinted Cold Sky Rainbow 10',4726130,10.0
Garland Gypsophila Tinted Cold Sky Rainbow 5',4618540,5.0
Garland Gypsophila Tinted Coral 10',4726078,10.0
Garland Gypsophila Tinted Coral 5',4618515,5.0
Garland Gypsophila Tinted Fashion Rainbow 10',4726133,10.0
Garland Gypsophila Tinted Fashion Rainbow 5',4618544,5.0
Garland Gypsophila Tinted Green 10',4726065,10.0
Garland Gypsophila Tinted Green 5',4618493,5.0
Garland Gypsophila Tinted Hot Pink 10',4726074,10.0
Garland Gypsophila Tinted Hot Pink 5',4618512,5.0
Garland Gypsophila Tinted Illusion Rainbow 10',4726132,10.0
Garland Gypsophila Tinted Illusion Rainbow 5',4618543,5.0
Garland Gypsophila Tinted Lavender 10',4726070,10.0
Garland Gypsophila Tinted Lavender 5',4618510,5.0
Garland Gypsophila Tinted Light Blue 10',4726068,10.0
Garland Gypsophila Tinted Light Blue 5',4618508,5.0
Garland Gypsophila Tinted Light Green 10',4726066,10.0
Garland Gypsophila Tinted Light Green 5',4618502,5.0
Garland Gypsophila Tinted Light Pink 10',4726075,10.0
Garland Gypsophila Tinted Light Pink 5',4618513,5.0
Garland Gypsophila Tinted Light Yellow 10',4726093,10.0
Garland Gypsophila Tinted Light Yellow 5',4618530,5.0
Garland Gypsophila Tinted Malima Rainbow 10',4726095,10.0
Garland Gypsophila Tinted Malima Rainbow 5',4618533,5.0
Garland Gypsophila Tinted New Pink Erika Pink 10',4726080,10.0
Garland Gypsophila Tinted New Pink Erika Pink 5',4618524,5.0
Garland Gypsophila Tinted Orange 10',4726082,10.0
Garland Gypsophila Tinted Orange 5',4618527,5.0
Garland Gypsophila Tinted Purple 10',4726073,10.0
Garland Gypsophila Tinted Purple 5',4618511,5.0
Garland Gypsophila Tinted Red 10',4726077,10.0
Garland Gypsophila Tinted Red 5',4618514,5.0
Garland Gypsophila Tinted Sunrise Rainbow 10',4726128,10.0
Garland Gypsophila Tinted Sunrise Rainbow 5',4618539,5.0
Garland Gypsophila Tinted Sunset Rainbow 10',4726131,10.0
Garland Gypsophila Tinted Sunset Rainbow 5',4618541,5.0
Garland Gypsophila Tinted Sweet Candy Pink Mix 10',4726126,10.0
Garland Gypsophila Tinted Sweet Candy Pink Mix 5',4618538,5.0
Garland Gypsophila Tinted Turquoise 10',4726067,10.0
Garland Gypsophila Tinted Turquoise 5',4618507,5.0
Garland Gypsophila Tinted Yellow 10',4726083,10.0
Garland Gypsophila Tinted Yellow 5',4618529,5.0
Garland Gypsophila Xlence Natural White 10',4726064,10.0
Garland Gypsophila Xlence Natural White 5',4618479,5.0
Gerbera Black Center Assorted,513625,
Gerbera Black Center Hot Pink,513641,
Gerbera Black Center Orange,513651,
Gerbera Black Center Pink,513655,
Gerbera Black Center Red,513657,
Gerbera Green Center Yellow,513788,
Grass Pampas Beige Tall,2665240,
Green Mist Chocolate Brown,1198724,
Green Mist Green,515858,
Green Mist Green,515858,
Gypsophila Cosmic White,1034329,
Gypsophila Million Star White,485064,
Gypsophila Million Star White,485064,
Gypsophila Million Star White,485064,
Gypsophila Mirabella White,485065,
Gypsophila New Love White,485066,
Gypsophila Xlence White,485069,
Gypsophila Xlence White,485069,
Gypsophila Xlence White,485069,
Helleborus Assorted,515893,
Helleborus Orientalis Double Ellen White,714490,
Helleborus Pink,515896,
Helleborus Purple,515897,
Helleborus Red,515898,
Helleborus White,515899,
Honey Bracelet Green,515911,
Hydrangea 50/50 Mix White/Light Blue,1756473,
Hydrangea Antique Assorted,1055325,
Hydrangea Antique Assorted Large,1050373,
Hydrangea Antique Blue/Green Jumbo,520130,
Hydrangea Antique Blue/Green Large,485124,
Hydrangea Antique Green Large,485132,
Hydrangea Antique Green Medium,485133,
Hydrangea Antique Hulk Green/Blue Large,646798,
Hydrangea Antique Hulk Green/Blue Large,646798,
Hydrangea Dark Blue Large,485075,
Hydrangea Dark Blue Medium,485076,
Hydrangea Light Blue Large,485090,
Hydrangea Light Blue Medium,485091,
Hydrangea Light Blue Medium,485091,
Hydrangea Light Lavender Large,1372587,
Hydrangea Light Pink Large,485096,
Hydrangea Mini Dark Green Small,490077,
Hydrangea Mini Green Small,485202,
Hydrangea Mojito Green Medium,485204,
Hydrangea Mojito Green Medium,485204,
Hydrangea Mojito Green Small,485205,
Hydrangea Purple Large,485111,
Hydrangea Purple Small,485113,
Hydrangea Shamrock Green Dark Green Medium,522046,
Hydrangea Shamrock Green/White Medium,509943,
Hydrangea White Jumbo,485117,
Hydrangea White Large,485118,
Hydrangea White Large,485118,
Hydrangea White Large,485118,
Hydrangea White Medium,485119,
Hydrangea White Medium,485119,
Hydrangea White Medium,485119,
Hydrangea White Small,485120,
Hypericum Assorted,485236,50.0
Hypericum Assorted,485237,60.0
Hypericum Assorted,485238,70.0
Hypericum Burgundy,485246,50.0
Hypericum Burgundy,485247,60.0
Hypericum Burgundy,485248,70.0
Hypericum Coco Bamboo Green,490142,50.0
Hypericum Coco Casino Pink,485289,50.0
Hypericum Coco Rio Red,988195,50.0
Hypericum Coco Rio Red,988197,70.0
Hypericum Coco Uno White,988199,50.0
Hypericum Coco Uno White,988203,70.0
Hypericum Cool Romance White,485297,50.0
Hypericum Cool Romance White,485298,60.0
Hypericum Cool Romance White,485299,70.0
Hypericum Green,485251,50.0
Hypericum Green,485251,50.0
Hypericum Green,485252,60.0
Hypericum Jungle Romance Green,485315,50.0
Hypericum Jungle Romance Green,485316,60.0
Hypericum Jungle Romance Green,485317,70.0
Hypericum Lucky Romance Green,608446,50.0
Hypericum Lucky Romance Green,608447,60.0
Hypericum Lucky Romance Green,608448,70.0
Hypericum Magical Triumph II Red,1032796,50.0
Hypericum Magical Triumph II Red,1032797,60.0
Hypericum Magical Triumph II Red,1032798,70.0
Hypericum Magical Victory Green,485339,50.0
Hypericum Magical Victory Green,485340,60.0
Hypericum Magical Victory Green,485341,70.0
Hypericum Mellow Romance Peach,485343,50.0
Hypericum Mellow Romance Peach,485344,60.0
Hypericum Mellow Romance Peach,485345,70.0
Hypericum Peach,485266,50.0
Hypericum Peach,485266,50.0
Hypericum Peach,485267,60.0
Hypericum Peach,485267,60.0
Hypericum Peach,485268,70.0
Hypericum Pink,485271,50.0
Hypericum Pink,485271,50.0
Hypericum Pink,485272,60.0
Hypericum Pink,485272,60.0
Hypericum Pink,485273,70.0
Hypericum Red,485276,50.0
Hypericum Red,485277,60.0
Hypericum Rocky Romance Burgundy,485351,50.0
Hypericum Rocky Romance Burgundy,485352,60.0
Hypericum Royal Princess Peach,1032782,60.0
Hypericum Royal Princess Peach,1032783,70.0
Hypericum Sweet Romance Pink,661677,50.0
Hypericum Sweet Romance Pink,661679,60.0
Hypericum Sweet Romance Pink,642523,70.0
Hypericum True Romance Red,485371,50.0
Hypericum True Romance Red,485372,60.0
Hypericum White,485281,50.0
Hypericum White,485282,60.0
Hypericum White,485283,70.0
Iris Assorted,491454,
Iris Purple,7558744,
Iris Telstar Dark Blue,491467,
Iris White,7407079,
Kale Green,490601,
Kale Purple,490602,
Kale White,490600,
Kangaroo Paw Assorted,515958,
Kangaroo Paw Assorted,515958,
Kangaroo Paw Burgundy,515961,
Kangaroo Paw Green,515963,
Kangaroo Paw Orange,515964,
Kangaroo Paw Red,515967,
Kangaroo Paw Red/Orange,1219815,
Kangaroo Paw Yellow,515968,
Larkspur Assorted,513900,
Larkspur Assorted,513900,
Larkspur Pink,513904,
Larkspur Purple,513905,
Larkspur Purple,513905,
Larkspur White,491524,
Larkspur White,491524,
Leather Cleopatra Green,515987,
Leather Cleopatra Green,515987,
Leather Green,515986,
Leather Green,515986,
Leather Green,515986,
Leather Sleeved Green,1622072,
Lepidium Green Dragon Green,1166116,
Lepidium Green Dragon Green,1166116,
Leucadendron Safari Sunset Red,490592,
Leucadendron Safari Sunset Red,490592,
Leucadendron Safari Sunset Red,490592,
Leucospermum (Pincushion) Assorted,627847,
Leucospermum (Pincushion) Orange,627848,
Leucospermum (Pincushion) Red,627849,
Leucospermum (Pincushion) Yellow,627850,
Liatris Purple,490065,60.0
Liatris Purple,490065,60.0
Liatris Purple,490066,70.0
Liatris Purple,490066,70.0
Liatris Purple,490067,80.0
Liatris Purple,490063,90.0
Lily Asiatic Assorted,490703,
Lily Asiatic Assorted,490703,
Lily Asiatic Light Pink,490707,
Lily Asiatic Orange,490708,
Lily Asiatic Orange,490708,
Lily Asiatic Pink,490710,
Lily Asiatic Pink,490710,
Lily Asiatic White,490712,
Lily Asiatic White,490712,
Lily Asiatic Yellow,490713,
Lily Asiatic Yellow,490713,
Lily Grass Green,513937,
Lily Grass Green,513937,
Lily Grass Green,513937,
Lily Grass Variegated,513938,
Lily Grass Variegated,513938,
Lily Grass Variegated,513938,
Lily Oriental Siberia White 3/5b,490879,3.0
Lily Oriental Sorbonne Light Pink 3/5b,490887,3.0
Lily Oriental Star Fighter Pink/White 3/5b,490891,3.0
Lily Oriental Star Fighter Pink/White 3/5b,490891,3.0
Lily Oriental White 3/5b,490750,3.0
Lily Oriental White 3/5b,490750,3.0
Lily Oriental Yellow 3/5b,490751,3.0
Lily Roselily Pink,490807,
Lily Roselily White,1810941,
Limonium California Blue,828525,
Limonium Maine Blue Blue,490070,
Limonium Misty Blue Blue,490072,
Limonium Oshi Pink,1746303,
Limonium Pina Colada White,1086944,
Limonium Sinensis Assorted Select,513133,
Limonium Sinensis Lavender,3456319,
Limonium Sinensis Pink,491197,
Limonium Sinensis White,491196,
Limonium Sinensis Yellow Select,509461,
Limonium Skylight Light Blue,640268,70.0
Lisianthus Assorted,513965,
Lisianthus Peach,513973,
Lisianthus Pink,490606,
Lisianthus Purple,490605,
Lisianthus White,490607,
Lysimachia White,666519,60.0
Lysimachia White,666519,60.0
Ming Fern Green,512626,
Ming Fern Green,512626,
Mini Carnation Assorted,485388,
Mini Carnation Burgundy,485389,
Mini Carnation Cream,485390,
Mini Carnation Green,485392,
Mini Carnation Hot Pink,485393,
Mini Carnation Lavender,485394,
Mini Carnation Light Pink,485395,
Mini Carnation Orange,485396,
Mini Carnation Peach,485397,
Mini Carnation Peppermint,485398,
Mini Carnation Pink,485399,
Mini Carnation Purple,485400,
Mini Carnation Red,485401,
Mini Carnation White,485406,
Mini Carnation Yellow,485407,
Moss Spanish Gray,516155,
Mum Astroid Yellow,1225558,
Mum Magnum White,885265,
Mum Magnum Yellow Yellow,1457842,
Myersii (Foxtail Fern) Green,516164,
Myersii (Foxtail Fern) Green,516164,
Nagi Foliage Green,516169,
Nagi Foliage Green,516169,
Ornithogalum Thyrsoides White Medium,485431,
Palm Leaf Palmetto Green,516203,
Palm Leaf Roebelinii Green,516208,
Papyrus Lion's Head Green,516217,
Phlox White,490073,
Pistachio Foliage Green,1195880,
Pittosporum Brillantina Green,1219050,
Pittosporum Green,627860,
Pittosporum Green,627860,
Pittosporum Variegated,627861,
Pittosporum Variegated,627861,
"Plant Succulent Assorted 2.5""",2584753,2.0
"Plant Succulent Assorted 3.5""",516277,3.0
Plumosa Green,491529,
Plumosa Green,491529,
Pod Scabiosa Brown,517626,
Pompon Button Assorted,485436,
Pompon Button Becky Light Fuchsia,942304,
Pompon Button Eagle White,2013242,
Pompon Button Green,485440,
Pompon Button Paintball Sunny Yellow,2013245,
Pompon Button Purple,485444,
Pompon Button Uva Purple,886695,
Pompon CDN Assorted,485451,
Pompon Cushion Artic Queen White,886674,
Pompon Cushion Maisy White,1012357,
Pompon Cushion Paulina Dark Purple,940996,
Pompon Cushion Rock Red,832399,
Pompon Cushion Tornado Purple,1089903,
Pompon Cushion White,485466,
Pompon Cushion Yellow,485467,
Pompon Daisy Alma White,2008684,
Pompon Daisy Assorted,485468,
Pompon Daisy Atlantis Dark Pink Lavender,2013269,
Pompon Daisy Atlantis White White,2008677,
Pompon Daisy Factor Yellow,886704,
Pompon Daisy Handsome Purple/White,627853,
Pompon Daisy Meraki White,2013246,
Pompon Daisy Pink,485474,
Pompon Daisy Purple,485475,
Pompon Daisy Tequila Sunrise Salmon,2512910,
Pompon Daisy White,485477,
Pompon Daisy Yellow,485478,
Pompon Daisy Yin Yang White - Black Center,566516,
Pompon Micro Daisy Vybowl Yellow Select,490212,
Pompon Santini Yellow,485511,
Poppy Icelandic Mixed,517634,
Protea Brenda Red,514034,
Protea Pink Ice Pink,510047,
Ranunculus Assorted,514051,
Ranunculus Burgundy,514054,
Ranunculus Butterfly Phytalos Yellow,938951,
Ranunculus Chocolate Brown,579795,
Ranunculus Clooney Hanoi Blush,938922,
Ranunculus Clooney Peach,3787385,
Ranunculus Hot Pink,829999,
Ranunculus Light Pink,514061,
Ranunculus Light Pink,12246406,30.0
Ranunculus Pastel Assorted Assorted,579797,
Ranunculus Pink,514065,
Ranunculus Pink,12246404,30.0
Ranunculus Purple,565903,
Ranunculus Red,514067,
Ranunculus Red,12246408,30.0
Ranunculus Salmon,1051732,
Ranunculus Salmon,12246401,30.0
Ranunculus White,514070,
Ranunculus White,12246320,30.0
Ranunculus Yellow,514071,
Riceflower Light Pink,514136,
Riceflower White,514137,
Rose Absolut in Pink Light Pink,4265272,40.0
Rose Absolut in Pink Light Pink,4265319,50.0
Rose Absolut in Pink Light Pink,4265366,60.0
Rose Akito White,485657,40.0
Rose Akito White,485658,50.0
Rose Akito White,485659,60.0
Rose Alba White,509449,50.0
Rose Alba White,509450,60.0
Rose Alejandra Peach,485662,40.0
Rose Aloha Orange,8698885,40.0
Rose Aloha Orange,8698886,50.0
Rose Aloha Orange,8698887,60.0
Rose Alquimia Orange,8698893,40.0
Rose Alquimia Orange,8698894,50.0
Rose Alquimia Orange,8698895,60.0
Rose Aly Light Pink,3309158,40.0
Rose Aly Light Pink,3309159,50.0
Rose Aly Light Pink,3309160,60.0
Rose Amnesia Antique Lavender,485712,40.0
Rose Amnesia Antique Lavender,485713,50.0
Rose Amnesia Antique Lavender,485714,60.0
Rose Amsterdam Salmon,485717,40.0
Rose Amsterdam Salmon,485718,50.0
Rose Amsterdam Salmon,485719,60.0
Rose Andrea Lavender,1256543,50.0
Rose Art Deco Light Mauvy Pink,509468,40.0
Rose Art Deco Light Mauvy Pink,509469,50.0
Rose Arya Lavender,12246414,
Rose Ascot Dark Purple,884176,
Rose Assorted,485538,40.0
Rose Assorted,485539,50.0
Rose Assorted,485540,60.0
Rose Assorted,485541,70.0
Rose Babbaloo Pink,8698916,40.0
Rose Babbaloo Pink,8698917,50.0
Rose Babbaloo Pink,8698918,60.0
Rose Barista Mauve,3295880,40.0
Rose Barista Mauve,3295881,50.0
Rose Barista Mauve,3295882,60.0
Rose Be Sweet Pink,4265240,60.0
Rose Bikini Yellow,485822,40.0
Rose Bikini Yellow,485823,50.0
Rose Bikini Yellow,485824,60.0
Rose Bittersweet Orange,4084038,
Rose Black Baccara Dark Red,485827,40.0
Rose Black Baccara Dark Red,485828,50.0
Rose Black Magic Dark Red,485843,50.0
Rose Black Magic Dark Red,485844,60.0
Rose Blue Dream Lavender,4289283,40.0
Rose Blue Dream Lavender,4289284,50.0
Rose Blueberry Lavender,485862,40.0
Rose Blueberry Lavender,485863,50.0
Rose Blueberry Lavender,485864,60.0
Rose Bluez Red/White,1206728,50.0
Rose Bluez Red/White,1206729,60.0
Rose Blush Red/White,485874,60.0
Rose Born Beauty Hot Pink,8698999,40.0
Rose Born Beauty Hot Pink,8699000,50.0
Rose Born Beauty Hot Pink,8699001,60.0
Rose Born Free Red,8699004,40.0
Rose Born Free Red,8699005,50.0
Rose Born Free Red,8699006,60.0
Rose Boulevard Pink/White,485893,50.0
Rose Boulevard Pink/White,485894,60.0
Rose Breathless Mauve/Lavender,7431692,40.0
Rose Breathless Mauve/Lavender,7431693,50.0
Rose Breathless Mauve/Lavender,7431694,60.0
Rose Brighton Yellow,490251,40.0
Rose Brighton Yellow,512849,50.0
Rose Brighton Yellow,512850,60.0
Rose Brighton Yellow,512852,70.0
Rose Bromo Orange,4265225,50.0
Rose Bromo Orange,4265241,60.0
Rose Brown,485544,40.0
Rose Brown,485545,50.0
Rose Brown,485546,60.0
Rose Bumblebee Gold,3807118,40.0
Rose Bumblebee Gold,3807119,50.0
Rose Bumblebee Gold,3807120,60.0
Rose Butterscotch Yellow,485927,40.0
Rose Butterscotch Yellow,485928,50.0
Rose Cabaret Cream/Peach,485937,40.0
Rose Cabaret Cream/Peach,485938,50.0
Rose Cabaret Cream/Peach,485939,60.0
Rose Cafe Mocca Brown,1171720,
Rose Cancun Yellow,8699009,40.0
Rose Cancun Yellow,8699010,50.0
Rose Cancun Yellow,8699011,60.0
Rose Candlelight White,485958,40.0
Rose Candlelight White,485959,50.0
Rose Candlelight White,485960,60.0
Rose Cappuccino Beige,884226,
Rose Caramel Macchiato Peach/Beige,8699057,50.0
Rose Caramel Macchiato Peach/Beige,8699059,60.0
Rose Carnelian Orange,4265358,50.0
Rose Carnelian Orange,4265405,60.0
Rose Carousel Pink/White,485988,40.0
Rose Carousel Pink/White,485989,50.0
Rose Carpe Diem Apricot,485993,40.0
Rose Carpe Diem Apricot,485994,50.0
Rose Champagne Beige,486023,40.0
Rose Champagne Beige,486024,50.0
Rose Champagne Beige,486025,60.0
Rose Champagner Peach,5653512,40.0
Rose Champagner Peach,5653513,50.0
Rose Champagner Peach,5653514,60.0
Rose Cherry Brandy Pink/Yellow,486050,50.0
Rose Cherry Brandy Pink/Yellow,486051,60.0
Rose Cherry Love Red,486057,60.0
Rose Cherry O Hot Pink,486060,40.0
Rose Cherry O Hot Pink,486061,50.0
Rose Cherry O Hot Pink,486062,60.0
Rose Chilis Orange,486066,50.0
Rose Cleo Light Pink,4265356,50.0
Rose Cleo Light Pink,4265403,60.0
Rose Coffee Break Brown,486110,40.0
Rose Cold Brew Caramel/Pink,1818985,
Rose Cool Water Lavender,486135,40.0
Rose Cool Water Lavender,486136,50.0
Rose Cool Water Lavender,486137,60.0
Rose Cooldown Lavender,4265209,40.0
Rose Cooldown Lavender,4265226,50.0
Rose Cooldown Lavender,4265242,60.0
Rose Coral Reef Coral,486140,40.0
Rose Coral Reef Coral,486141,50.0
Rose Coral Reef Coral,486142,60.0
Rose Cotton Candy Pink,486160,40.0
Rose Country Aquarell Pink/Peach,14874073,40.0
Rose Country Aquarell Pink/Peach,14874074,50.0
Rose Country Blues Lavender,1819182,
Rose Country Blues Lavender,2113281,50.0
Rose Country Candy Light Pink,8699070,40.0
Rose Country Candy Light Pink,8699072,50.0
Rose Country Candy Light Pink,8699073,60.0
Rose Country Home Peach,1008696,40.0
Rose Country Home Peach,1008697,50.0
Rose Cream,485556,40.0
Rose Cream,485557,50.0
Rose Cream,485558,60.0
Rose Creme De La Creme Light Yellow,486180,40.0
Rose Creme De La Creme Light Yellow,486181,50.0
Rose Crystal Fairy White,8699089,60.0
Rose Cute Enigma Beige/Blush/Sand,8699100,40.0
Rose Cute Enigma Beige/Blush/Sand,8699102,50.0
Rose Cute Enigma Beige/Blush/Sand,8699104,60.0
Rose Dallas Red,8699108,40.0
Rose Dallas Red,8699109,50.0
Rose Dallas Red,8699110,60.0
Rose Deep Purple Lavender,486215,40.0
Rose Deep Purple Lavender,486216,50.0
Rose Deep Purple Lavender,486217,60.0
Rose Deep Silver Antique Lavender,567219,60.0
Rose Dragon Tale Orange,8699115,40.0
Rose Dragon Tale Orange,8699116,50.0
Rose Dragon Tale Orange,8699117,60.0
Rose Dragonfly Orange,8699121,40.0
Rose Dragonfly Orange,8699122,50.0
Rose Dragonfly Orange,8699123,60.0
Rose Dyed Blue,1079342,50.0
Rose Dyed Blue,1079343,60.0
Rose Dynamic Light Peach,1008794,40.0
Rose Dynamic Light Peach,1008795,50.0
Rose Dynamic Light Peach,1008796,60.0
Rose Early Grey Silver,486270,40.0
Rose Early Grey Silver,486271,50.0
Rose Encanto Orange/Yellow,486310,40.0
Rose Enchantment Hot Pink,4265279,40.0
Rose Enchantment Hot Pink,4265326,50.0
Rose Enchantment Hot Pink,4265373,60.0
Rose Escimo White,486325,40.0
Rose Escimo White,486326,50.0
Rose Escimo White,486327,60.0
Rose Esperance Pink/White,486330,40.0
Rose Esperance Pink/White,486331,50.0
Rose Esperance Pink/White,486332,60.0
Rose Explorer Red,486366,50.0
Rose Explorer Red,486367,60.0
Rose Explorer Red,486368,70.0
Rose Explorer Red,486369,80.0
Rose Faith Mauve,486375,40.0
Rose Faith Mauve,486376,50.0
Rose Faith Mauve,486377,60.0
Rose Fascination Peach,4084055,50.0
Rose Fascination Peach,4084056,60.0
Rose Felicity Peach,8699139,40.0
Rose Felicity Peach,8699140,50.0
Rose Felicity Peach,8699141,60.0
Rose Fidji Orange/Peach,542869,40.0
Rose Finally Dark Red,1016455,50.0
Rose Finally Dark Red,1016456,60.0
Rose Fortune Red,4265364,50.0
Rose Fortune Red,4265411,60.0
Rose Free Spirit Apricot,486459,40.0
Rose Free Spirit Apricot,486460,50.0
Rose Free Spirit Apricot,486461,60.0
Rose Freedom Red,486467,40.0
Rose Freedom Red,486468,50.0
Rose Freedom Red,486469,60.0
Rose Freedom Red,486470,70.0
Rose Freedom Red,486471,80.0
Rose Frutetto Blush/Pink,1003869,40.0
Rose Frutetto Blush/Pink,1003870,50.0
Rose Frutetto Blush/Pink,1003871,60.0
Rose Full Monty Hot Pink,3653561,40.0
Rose Full Monty Hot Pink,3653562,50.0
Rose Full Monty Hot Pink,3653563,60.0
Rose Garden Alabaster White,487967,40.0
Rose Garden Angelkiss White,8698900,40.0
Rose Garden Angelkiss White,8698901,50.0
Rose Garden Antonia Garden Cream,8698909,40.0
Rose Garden Antonia Garden Cream,8698910,50.0
Rose Garden Apple Jack Bicolor Pink,5419636,
Rose Garden Art Nouvo Light Pink,5613596,
Rose Garden Assorted,487962,40.0
Rose Garden Assorted,487962,40.0
Rose Garden Assorted,487962,40.0
Rose Garden Assorted,487963,50.0
Rose Garden Assorted,487963,50.0
Rose Garden Atomic Red/Orange,1427702,40.0
Rose Garden Atomic Red/Orange,1427705,50.0
Rose Garden Atomic Red/Orange,1427706,60.0
Rose Garden Buttercup Cream,1356467,50.0
Rose Garden Cafe Latte Beige/Lavender,726069,40.0
Rose Garden Cafe Latte Beige/Lavender,726069,40.0
Rose Garden Cafe Latte Beige/Lavender,726070,50.0
Rose Garden Campanella Peach,884744,
Rose Garden Caramel Antique Apricot,488062,40.0
Rose Garden Catalina Yellow,488077,40.0
Rose Garden Catalina Yellow,488077,40.0
Rose Garden Claire De Lune White,8661255,40.0
Rose Garden Claire De Lune White,8661256,50.0
Rose Garden Coldplay White,2084874,60.0
Rose Garden Coral X-pression Coral,1241510,40.0
Rose Garden Coral X-pression Coral,1241511,50.0
Rose Garden Cotton X-pression Cream,4265227,50.0
Rose Garden Cotton X-pression Cream,4265243,60.0
Rose Garden Country Secret Blush,3423460,40.0
Rose Garden Country Secret Blush,3423461,50.0
Rose Garden Creamykiss Cream,8699076,40.0
Rose Garden Creamykiss Cream,8699080,50.0
Rose Garden Crystal Flame Orange,8699094,40.0
Rose Garden Crystal Flame Orange,8699095,50.0
Rose Garden Dark X-pression Hot Pink,3423467,40.0
Rose Garden Dark X-pression Hot Pink,3423468,50.0
Rose Garden David Austin Assorted,1203980,40.0
Rose Garden Degas Bronze,9082367,40.0
Rose Garden Garden Spirit Blush,490140,50.0
Rose Garden Garden Spirit Blush,490165,60.0
Rose Garden Juliet Peach,488246,30.0
Rose Garden Juliet Peach,488247,40.0
Rose Garden Keira Blush,488267,40.0
Rose Garden Leonora Cream/White,1818975,
Rose Garden Magnolia Cream,8699212,40.0
Rose Garden Magnolia Cream,8699213,50.0
Rose Garden Mamy Blue Purple,884806,
Rose Garden Mamy Blue Purple,488307,40.0
Rose Garden Mandarin X-pression Pink,4265216,40.0
Rose Garden Mayra Bridal Pink Light Pink,508843,40.0
Rose Garden Mayra Peach Peach,884812,
Rose Garden Melon X-pression Peach,8699222,40.0
Rose Garden Melon X-pression Peach,8699223,50.0
Rose Garden Miyabi Brown Tan/Light Pink,3459162,40.0
Rose Garden Miyabi Pink Shades,1784970,40.0
Rose Garden Monet Pale Peach,3452242,
Rose Garden Notting Hill Peach,1247673,
Rose Garden Ohara Light Pink,488352,40.0
Rose Garden Ohara Light Pink,488352,40.0
Rose Garden Ohara Light Pink,488353,50.0
Rose Garden Patience Cream,488372,40.0
Rose Garden Peonikiss Pink,8699274,40.0
Rose Garden Peonikiss Pink,8699275,50.0
Rose Garden Piano Red,884829,
Rose Garden Pink Monster Pink,8699290,40.0
Rose Garden Pink Monster Pink,8699291,50.0
Rose Garden Pink X-pression Light Pink,1001425,40.0
Rose Garden Pink X-pression Light Pink,1001427,50.0
Rose Garden Powder Puff Light Pink,15185479,40.0
Rose Garden Powder Puff Light Pink,15185480,50.0
Rose Garden Powder Puff Light Pink,15185481,60.0
Rose Garden Princess Crown Peach,3423448,40.0
Rose Garden Princess Crown Peach,3423457,50.0
Rose Garden Princess Crown Peach,3423458,60.0
Rose Garden Princess Hitomi Light Pink Blush,1222365,40.0
Rose Garden Princess Maya Light Pink/Peach,1012524,
Rose Garden Princess Miyuki White,617839,40.0
Rose Garden Purity White,644417,40.0
Rose Garden Queens Crown Mauve,1829817,40.0
Rose Garden Queens Crown Mauve,1829818,50.0
Rose Garden Romantic Antike Pink,488447,40.0
Rose Garden Secret Garden Light Pink,488488,50.0
Rose Garden Secret Garden Light Pink,488489,60.0
Rose Garden Sunny X-pression Yellow,8700174,40.0
Rose Garden Sunny X-pression Yellow,8700175,50.0
Rose Garden Sunny X-pression Yellow,8700176,60.0
Rose Garden Tess Red,488517,40.0
Rose Garden Veggie Green/Cream,3523302,40.0
Rose Garden Veggie Green/Cream,3523304,50.0
Rose Garden Veggie Green/Cream,3523306,60.0
Rose Garden Wanted Burgundy,488567,40.0
Rose Garden Westminster Abbey Ivory,1195596,40.0
Rose Garden Westminster Abbey Ivory,1195596,40.0
Rose Garden Westminster Abbey Ivory,1195598,50.0
Rose Garden White Cloud White,488582,40.0
Rose Garden White Ohara Blush,488587,40.0
Rose Garden White Ohara Blush,488587,40.0
Rose Garden White Ohara Blush,488588,50.0
Rose Garden White Ohara Blush,488589,60.0
Rose Garden White X-pression White,14766505,40.0
Rose Garden White X-pression White,14766507,50.0
Rose Garden Wild Crown Orange,8700219,40.0
Rose Garden Wild Crown Orange,8700220,50.0
Rose Garden Wild Crown Orange,8700221,60.0
Rose Geraldine Antique Pink,486499,50.0
Rose Geraldine Antique Pink,486500,60.0
Rose Glam Orange,8699144,40.0
Rose Glam Orange,8699145,50.0
Rose Glam Orange,8699146,60.0
Rose Glitz Yellow,4265328,50.0
Rose Glitz Yellow,4265375,60.0
Rose Golden Mustard Beige,490283,40.0
Rose Goldfinch Yellow,4265246,60.0
Rose Goldfinch Yellow,4265262,70.0
Rose Gotcha Fuchsia,519860,50.0
Rose Gotcha Fuchsia,519861,60.0
Rose Govinda Lavender/Mauve,3366446,50.0
Rose Govinda Lavender/Mauve,3366447,60.0
Rose Green,485562,40.0
Rose Green,485563,50.0
Rose Green,485564,60.0
Rose Green Romance Green,8699149,40.0
Rose Green Romance Green,8699150,50.0
Rose Green Romance Green,8699152,60.0
Rose Green Tea Green,486563,40.0
Rose Green Tea Green,486564,50.0
Rose Green Tea Green,486565,60.0
Rose Grey Knight Grey,513127,50.0
Rose Grey Knight Grey,519858,60.0
Rose Happy Bride Pale Pink,8699161,40.0
Rose Happy Bride Pale Pink,8699162,50.0
Rose Happy Bride Pale Pink,8699163,60.0
Rose Heart of Gold Gold,1756003,
Rose Hearts Dark Red,486588,40.0
Rose Hearts Dark Red,486589,50.0
Rose Hearts Dark Red,486590,60.0
Rose Hermosa Pink,486604,50.0
Rose Hermosa Pink,486605,60.0
Rose Hermosa Pink,486606,70.0
Rose High & Candy Pink/White,486623,40.0
Rose High & Candy Pink/White,486624,50.0
Rose High & Candy Pink/White,486625,60.0
Rose High & Exotic Yellow,486639,50.0
Rose High & Exotic Yellow,486640,60.0
Rose High & Magic Yellow/Red Tip,512405,40.0
Rose High & Magic Yellow/Red Tip,512406,50.0
Rose High & Magic Yellow/Red Tip,490286,60.0
Rose High & Orange Magic Orange,700767,50.0
Rose High & Orange Magic Orange,700768,60.0
Rose High & Yellow Flame Red/Yellow,884384,
Rose High & Yellow Flame Red/Yellow,729491,60.0
Rose Hilux Dark Coral,3653567,50.0
Rose Hilux Dark Coral,3653568,60.0
Rose Hornbill Orange,8699167,40.0
Rose Hornbill Orange,8699168,50.0
Rose Hornbill Orange,8699169,60.0
Rose Hot Carpe Diem Hot Pink,884397,
Rose Hot Escimo Pink,486693,40.0
Rose Hot Explorer Hot Pink,1819632,50.0
Rose Hot Merengue Red/Yellow,486704,50.0
Rose Hot Merengue Red/Yellow,486705,60.0
Rose Hot Merengue Red/Yellow,486706,70.0
Rose Hot Pink,1205762,40.0
Rose Hot Pink,639106,50.0
Rose Hot Pink,647919,60.0
Rose Hot Princess Fuchsia,486719,50.0
Rose Hot Princess Fuchsia,486720,60.0
Rose Idole Gold,486738,40.0
Rose Idole Gold,486739,50.0
Rose Iguazu Red/Cream,3653578,60.0
Rose Imagination Peach,486754,50.0
Rose Inocencia White,486773,40.0
Rose Jacaranda Hot Pink,8699197,40.0
Rose Jacaranda Hot Pink,8699198,50.0
Rose Jacaranda Hot Pink,8699199,60.0
Rose Jessica Light Pink,486808,40.0
Rose Jessica Light Pink,486809,50.0
Rose Jessica Light Pink,486810,60.0
Rose Kahala Coral,486833,40.0
Rose Kahala Coral,486834,50.0
Rose King's Cross Gold/Peach,8699202,40.0
Rose King's Cross Gold/Peach,8699203,50.0
Rose King's Cross Gold/Peach,8699204,60.0
Rose Lavender,485574,40.0
Rose Lavender,485575,50.0
Rose Lavender,485576,60.0
Rose Lemonade Green,486943,40.0
Rose Lemonade Green,486944,50.0
Rose Lemonade Green,486945,60.0
Rose Light Pink,485580,40.0
Rose Light Pink,485581,50.0
Rose Light Pink,485582,60.0
Rose Light Spirit Peach,8699207,40.0
Rose Light Spirit Peach,8699208,50.0
Rose Light Spirit Peach,8699209,60.0
Rose Lighthouse Yellow,3658111,40.0
Rose Lighthouse Yellow,3658112,50.0
Rose Lighthouse Yellow,3658113,60.0
Rose Limonada Green,700735,50.0
Rose Lola Hot Pink,6886251,40.0
Rose Lola Hot Pink,2177940,50.0
Rose Lola Hot Pink,2064351,60.0
Rose Lorraine Light Pink,1406393,50.0
Rose Lorraine Light Pink,1406394,60.0
Rose Lorraine Light Pink,1406395,70.0
Rose Love Bites Pink,4265379,60.0
Rose Luciano Light Pink,2072066,50.0
Rose Luciano Light Pink,2026098,60.0
Rose Luciano Light Pink,2111738,70.0
Rose Lumia Orange,8708021,40.0
Rose Lumia Orange,8708023,50.0
Rose Lumia Orange,8708024,60.0
Rose Magic Times Red/White Bicolor,700751,40.0
Rose Magic Times Red/White Bicolor,700752,50.0
Rose Magic Times Red/White Bicolor,700753,60.0
Rose Malibu Pink,487014,50.0
Rose Malibu Pink,487015,60.0
Rose Mamma Mia Red,8699217,40.0
Rose Mamma Mia Red,8699218,50.0
Rose Mamma Mia Red,8699219,60.0
Rose Mandala Pink,4084084,40.0
Rose Mandala Pink,4084086,50.0
Rose Mandala Pink,4084087,60.0
Rose Marzipan Beige,542915,60.0
Rose Matcha Green/Pink,7431745,60.0
Rose Matilda Mauve/Chocolate,7431748,40.0
Rose Matilda Mauve/Chocolate,7431749,50.0
Rose Menta Lavender,565855,40.0
Rose Menta Lavender,562014,50.0
Rose Millenial Pink Pink,4265381,60.0
Rose Miss Piggy Orange/Pink,884493,
Rose Moab Beige,3309161,
Rose Mohana Yellow,487084,50.0
Rose Momentum Yellow,7431760,50.0
Rose Momentum Yellow,7431761,60.0
Rose Mondial Cream,487098,40.0
Rose Mondial Cream,487099,50.0
Rose Mondial Cream,487100,60.0
Rose Mondial Cream,487101,70.0
Rose Moody Blue Lavender,487103,40.0
Rose Moody Blue Lavender,487104,50.0
Rose Moody Blue Lavender,487105,60.0
Rose Moonstone White,1247222,60.0
Rose Mother of Pearl Light Pink,487010,60.0
Rose Mother of Pearl Light Pink,487011,70.0
Rose Nautica Lavender,487139,50.0
Rose Nautica Lavender,487140,60.0
Rose Nena Light Pink,487148,40.0
Rose Nena Light Pink,487149,50.0
Rose Nena Light Pink,487150,60.0
Rose New Face Orange,8699264,40.0
Rose New Face Orange,8699265,50.0
Rose New Face Orange,8699266,60.0
Rose Newsflash Yellow/Red,3653582,50.0
Rose Nexus Orange,2340849,50.0
Rose Nina Orange,490467,50.0
Rose Nina Orange,490468,60.0
Rose Novia Light Pink,512978,50.0
Rose Novia Light Pink,512979,60.0
Rose Nuage Pink,8699269,40.0
Rose Nuage Pink,8699270,50.0
Rose Nuage Pink,8699271,60.0
Rose Ocean Song Light Lavender,487168,40.0
Rose Ocean Song Light Lavender,487169,50.0
Rose Ocean Song Light Lavender,487170,60.0
Rose Orange,485586,40.0
Rose Orange,485588,50.0
Rose Orange,485590,60.0
Rose Orange Crush Orange,487193,40.0
Rose Orange Crush Orange,487194,50.0
Rose Orange Crush Orange,487195,60.0
Rose Paloma Bicolor Light Pink,700059,40.0
Rose Paloma Bicolor Light Pink,700060,50.0
Rose Paloma Bicolor Light Pink,700061,60.0
Rose Peach,485597,40.0
Rose Peach,485598,50.0
Rose Peach,485599,60.0
Rose Phoenix Peach,3169162,40.0
Rose Phoenix Peach,3169174,50.0
Rose Piacere Dark Lavender,3556319,50.0
Rose Piacere Dark Lavender,3556320,60.0
Rose Pic Nic Peach/Pink,8700270,50.0
Rose Pic Nic Peach/Pink,8700271,60.0
Rose Pink,485603,40.0
Rose Pink,485604,50.0
Rose Pink,485605,60.0
Rose Pink Champagne Light Pink,7990026,50.0
Rose Pink Floyd Hot Pink,487303,40.0
Rose Pink Floyd Hot Pink,487304,50.0
Rose Pink Floyd Hot Pink,487305,60.0
Rose Pink Floyd Hot Pink,487306,70.0
Rose Pink Love Hot Pink,542431,50.0
Rose Pink Love Hot Pink,509040,60.0
Rose Pink Mondial Light Pink,513118,40.0
Rose Pink Mondial Light Pink,513119,50.0
Rose Pink Mondial Light Pink,563647,60.0
Rose Pink Puma Variegated Pink,5653545,40.0
Rose Pink Puma Variegated Pink,5653546,50.0
Rose Pink Puma Variegated Pink,5653547,60.0
Rose Playa Blanca White,491511,40.0
Rose Playa Blanca White,491512,50.0
Rose Playa Blanca White,490650,60.0
Rose Playa Blanca White,491513,70.0
Rose Polar Star White,487324,50.0
Rose Polar Star White,487325,60.0
Rose Polo White,487329,50.0
Rose Polo White,487330,60.0
Rose PomaRosa Light Pink,3653587,50.0
Rose PomaRosa Light Pink,3653588,60.0
Rose Pompeii Beige,967493,50.0
Rose Pompeii Beige,1000472,60.0
Rose Priceless Pink,487345,60.0
Rose Priority Cream/Blush,4265339,50.0
Rose Priority Cream/Blush,4265386,60.0
Rose Proud White,487349,50.0
Rose Proud White,487350,60.0
Rose Pulcinella Pink,8699460,40.0
Rose Pulcinella Pink,8699480,50.0
Rose Pulcinella Pink,8699481,60.0
Rose Purple Cezanne Fuchsia,487354,50.0
Rose Purple Cezanne Fuchsia,487355,60.0
Rose Purple Haze Light Lavender,487358,40.0
Rose Purple Haze Light Lavender,487359,50.0
Rose Purple Haze Light Lavender,487360,60.0
Rose Purple Moon Mauve,1007500,50.0
Rose Queen Berry Fuchsia,884566,
Rose Queen Berry Fuchsia,672171,50.0
Rose Quicksand Beige,487373,40.0
Rose Quicksand Beige,487373,40.0
Rose Quicksand Beige,487374,50.0
Rose Quicksand Beige,487375,60.0
Rose Quicksand Beige,487376,70.0
Rose Rainbow Variegated,487383,40.0
Rose Rainbow Variegated,487384,50.0
Rose Rainbow Variegated,487385,60.0
Rose Razzmatazz Brown,8699498,40.0
Rose Razzmatazz Brown,8699500,50.0
Rose Razzmatazz Brown,8699512,60.0
Rose Red,485615,40.0
Rose Red,485616,50.0
Rose Red,485617,60.0
Rose Red Panther Burgundy/Red,1829813,50.0
Rose Red Panther Burgundy/Red,1829814,60.0
Rose Red Paris Dark Red,487423,40.0
Rose Red Paris Dark Red,487424,50.0
Rose Red Paris Dark Red,487425,60.0
Rose Redvolution Red,8699529,40.0
Rose Redvolution Red,8699541,50.0
Rose Redvolution Red,8699562,60.0
Rose Rhoslyn (aka Cielo aka La Vie En Rose) Pale Pink,7431797,50.0
Rose Rhoslyn (aka Cielo aka La Vie En Rose) Pale Pink,7431798,60.0
Rose Rhoslyn (aka Cielo aka La Vie En Rose) Pale Pink,7431799,70.0
Rose Romina Antique Pink,4265217,40.0
Rose Romina Antique Pink,4265233,50.0
Rose Rosita Vendela Pink,487458,40.0
Rose Rosita Vendela Pink,487459,50.0
Rose Rosita Vendela Pink,487460,60.0
Rose Saga Light Pink,672562,50.0
Rose Sahara Beige,487488,40.0
Rose Sahara Beige,487489,50.0
Rose Sahara Sensation Peach,1485163,40.0
Rose Sandcastle Beige,4450431,40.0
Rose Sandcastle Beige,4450432,50.0
Rose Sandcastle Beige,4450433,60.0
Rose Sandstorm Peach/Cream,5361324,40.0
Rose Sandstorm Peach/Cream,5361325,50.0
Rose Sandstorm Peach/Cream,5361326,60.0
Rose Sandy Light Pink/Cream,1090749,40.0
Rose Santana Dark Orange,487529,50.0
Rose Santana Dark Orange,487530,60.0
Rose Senorita Light Pink,487534,50.0
Rose Senorita Light Pink,487535,60.0
Rose Sensei Beige,4220150,
Rose Senti Intensity Dark Red,14631993,60.0
Rose Senti Intensity Dark Red,14632049,70.0
Rose Shimmer Peach,567669,40.0
Rose Shimmer Peach,567670,50.0
Rose Shimmer Peach,567671,60.0
Rose Shimmer Peach,567672,70.0
Rose Shocking Blue Lavender,11560846,40.0
Rose Shocking Blue Lavender,11560847,50.0
Rose Shocking Blue Lavender,11560857,60.0
Rose Silantoi Golden Orange,3653592,50.0
Rose Silantoi Golden Orange,3653593,60.0
Rose Silver Sand Grey,6407985,60.0
Rose Silvery Light Lavender,1313593,50.0
Rose Silvery Light Lavender,1313594,60.0
Rose Snowballet White,8700159,40.0
Rose Snowballet White,8700160,50.0
Rose Snowballet White,8700161,60.0
Rose Snowy Jewel White,487589,50.0
Rose Snowy Jewel White,487590,60.0
Rose Sophia Blush,487619,50.0
Rose Sophia Blush,487620,60.0
Rose Sophia Blush,487621,70.0
Rose Soulmate Mauve,487624,50.0
Rose Soulmate Mauve,487625,60.0
Rose Star Platinum Lavender,4265236,50.0
Rose Star Platinum Lavender,4265252,60.0
Rose Starbright Yellow/Red,12323396,50.0
Rose Starbright Yellow/Red,12323397,60.0
Rose Stardust Yellow,518981,50.0
Rose Stardust Yellow,508806,60.0
Rose Starwalker Yellow,4265297,40.0
Rose Starwalker Yellow,4265344,50.0
Rose Starwalker Yellow,4265391,60.0
Rose Stiletto Hot Pink,627574,50.0
Rose Stiletto Hot Pink,627577,60.0
Rose Stiletto Hot Pink,627578,70.0
Rose Sunny Days Yellow,8700264,40.0
Rose Sunny Days Yellow,8700265,50.0
Rose Sunny Days Yellow,8700266,60.0
Rose Sunset Glory Orange,8700179,40.0
Rose Sunset Glory Orange,8700180,50.0
Rose Sunset Glory Orange,8700181,60.0
Rose Super Green Green,487658,40.0
Rose Super Sun Gold,1719915,50.0
Rose Super Sun Gold,1719916,60.0
Rose Sweet 4-Love Light Pink,1740638,60.0
Rose Sweet Akito Light Pink,487663,40.0
Rose Sweet Akito Light Pink,487664,50.0
Rose Sweet Akito Light Pink,487665,60.0
Rose Sweet Cake Pink,8700184,40.0
Rose Sweet Cake Pink,8700185,50.0
Rose Sweet Cake Pink,8700186,60.0
Rose Sweet Escimo Blush,487683,40.0
Rose Sweet Escimo Blush,487684,50.0
Rose Sweet Escimo Blush,487685,60.0
Rose Sweet Memory Pink,4265316,40.0
Rose Sweet Memory Pink,4265363,50.0
Rose Sweet Memory Pink,4265410,60.0
Rose Sweet Unique Pink,487688,40.0
Rose Sweet Unique Pink,487689,50.0
Rose Sweet Unique Pink,487690,60.0
Rose Sweetness Pink/White,487694,50.0
Rose Sweetness Pink/White,487695,60.0
Rose Sweetness Pink/White,487696,70.0
Rose Symbol Brown,4265221,40.0
Rose Symbol Brown,4265221,40.0
Rose Symbol Brown,4265237,50.0
Rose Tara Gold,487723,40.0
Rose Tara Gold,487724,50.0
Rose Teddy's Light Brown,8700190,50.0
Rose Teddy's Light Brown,8700191,60.0
Rose Tibet White,487743,40.0
Rose Tibet White,487744,50.0
Rose Tibet White,487745,60.0
Rose Tiffany Peach,487748,40.0
Rose Tiffany Peach,487749,50.0
Rose Tiffany Peach,487750,60.0
Rose Tina Hot Pink,8700195,50.0
Rose Tina Hot Pink,8700196,60.0
Rose Titanic Light Pink,487764,50.0
Rose Titanic Light Pink,487765,60.0
Rose Titanic Light Pink,487766,70.0
Rose Toffee Novelty,966390,60.0
Rose Toffee Novelty,966391,70.0
Rose Topaz Fuchsia,487770,60.0
Rose Topaz Fuchsia,487771,70.0
Rose Tropic Versilia Peach,8700199,40.0
Rose Tropic Versilia Peach,8700200,50.0
Rose Tropic Versilia Peach,8700201,60.0
Rose Twilight Apricot,487793,40.0
Rose Twilight Apricot,487794,50.0
Rose Tycoon Light Orange,487803,40.0
Rose Tycoon Light Orange,487804,50.0
Rose Unforgiven Pink,4265302,40.0
Rose Unforgiven Pink,4265349,50.0
Rose Vendela Cream,487818,40.0
Rose Vendela Cream,487819,50.0
Rose Vendela Cream,487820,60.0
Rose Victorian Maria Pia Light Pink,3395277,
Rose Violet Hill Lavender,4265351,50.0
Rose Violet Hill Lavender,4265398,60.0
Rose Violet Hill Lavender,4265445,70.0
Rose VIPink Hot Pink,5451751,50.0
Rose VIPink Hot Pink,5451753,60.0
Rose Voodoo Orange,487878,40.0
Rose Voodoo Orange,487879,50.0
Rose Wasabi Light Green,1016093,50.0
Rose Wasabi Light Green,1016094,60.0
Rose Watergame Pink,8700214,40.0
Rose Watergame Pink,8700215,50.0
Rose Watergame Pink,8700216,60.0
Rose White,485621,40.0
Rose White,485622,50.0
Rose White,485623,60.0
Rose White Chocolate Cream,487889,50.0
Rose White Chocolate Cream,487890,60.0
Rose White Chocolate Cream,487891,70.0
Rose White Shimmer White,4265353,50.0
Rose White Shimmer White,4265400,60.0
Rose Wild Spirit Orange,487904,50.0
Rose Wildcat Orange/Coral,8700238,40.0
Rose Wildcat Orange/Coral,8700239,50.0
Rose Wildcat Orange/Coral,8700240,60.0
Rose Yellow,485627,40.0
Rose Yellow,485628,50.0
Rose Yellow,485629,60.0
Rose Yellow Reeva Yellow,8700243,40.0
Rose Yellow Reeva Yellow,8700244,50.0
Rose Yellow Reeva Yellow,8700245,60.0
Rose Yoga Pink,8700248,40.0
Rose Yoga Pink,8700249,50.0
Rose Yoga Pink,8700250,60.0
Rose Zen Beige/Chartreuse,5000709,50.0
Rose Zen Beige/Chartreuse,5000710,60.0
Rose Zephyr White,4265354,50.0
Rose Zephyr White,4265401,60.0
Ruscus Israeli Green 60/,935983,60.0
Ruscus Italian Green,1004600,100.0
Ruscus Italian Green,1004600,100.0
Ruscus Italian Green,1004596,80.0
Ruscus Italian Green,1004596,80.0
Scabiosa Blackberry Scoop Burgundy,699454,
Scabiosa Cotton Candy Scoop Pink,887967,60.0
Scabiosa Focal Baby Pink Light Pink,3770136,50.0
Scabiosa Focal Baby Pink Light Pink,3770137,60.0
Scabiosa Focal Scoop Dark Purple,1241188,60.0
Scabiosa Focal Scoop Lavender,1311112,50.0
Scabiosa Focal Scoop Lavender,1311113,60.0
Scabiosa Focal Scoop Lilac Light Pink,1311227,60.0
Scabiosa Focal Scoop White,1311232,50.0
Scabiosa Focal Scoop White,1311233,60.0
Scabiosa French Vanilla Scoop Blush,3297914,
Scabiosa Lollipop Scoop Red,887976,50.0
Scabiosa Marshmallow Scoop Pink,887955,50.0
Scabiosa Milky Scoop White,1078860,50.0
Scabiosa Milky Scoop White,1078861,60.0
Scabiosa Raspberry Scoop Hot Pink,1190385,50.0
Smilax Green,517787,
Snapdragon Assorted Select,490169,
Snapdragon Burgundy Select,490177,
Snapdragon Hot Pink Select,1568420,
Snapdragon Orange Select,490178,
Snapdragon Pink Select,490174,
Snapdragon White Select,490528,
Snapdragon Yellow Select,490173,
Solidago Estelle Cream,488615,
Solidago Golden Glory Yellow,491378,70.0
Solidago Yellow,488616,
Solidago Yellow,488616,
Spray Rose Assorted,488623,40.0
Spray Rose Assorted,488624,50.0
Spray Rose Babe Orange,488709,50.0
Spray Rose Baby Rosever Peach,3395179,50.0
Spray Rose Bali Light Peach,1090486,50.0
Spray Rose Be Amazing Peach,15185491,
Spray Rose Be Nice Pink,15185487,
Spray Rose Be True Blush,15185483,
Spray Rose Blue Moon Mauve,488719,50.0
Spray Rose Brilliant Star Lemon Yellow,488739,50.0
Spray Rose Brilliant Stars Cassiopeia Lavender,14384778,40.0
Spray Rose Champagne Majolica Ivory,5160654,
Spray Rose Creta Pale Peach,5408617,
Spray Rose Elba Light Pink,3653597,50.0
Spray Rose Fibonacci Gioconda Yellow,14384781,40.0
Spray Rose Fibonacci Nautilus Coral,14384775,40.0
Spray Rose Fibonacci Yantra Blush/Green,4445675,40.0
Spray Rose Fibonacci Yantra Blush/Green,4445676,50.0
Spray Rose Fibonacci Yantra Blush/Green,4445677,60.0
Spray Rose Floreana White,3395099,50.0
Spray Rose Galaxy Cream,2292976,40.0
Spray Rose Galaxy Cream,2292977,50.0
Spray Rose Garden Be Generous Peach,5419710,40.0
Spray Rose Garden Be Kind White,3395163,40.0
Spray Rose Garden Be Strong Beige/Chartreuse,5420302,40.0
Spray Rose Garden Blanche White,3459160,40.0
Spray Rose Garden Iceberg White,14741919,
Spray Rose Garden Pink Silva Pink,12797004,40.0
Spray Rose Garden Pink Silva Pink,12797004,40.0
Spray Rose Garden Vintage Rosever Hot Pink,8700204,40.0
Spray Rose Garden Vintage Rosever Hot Pink,8700205,50.0
Spray Rose Garden Virgin Rosever White,8700209,40.0
Spray Rose Garden Virgin Rosever White,8700210,50.0
Spray Rose Garden Wedding Rosever Blush/Pink,3395190,40.0
Spray Rose Garden Wink Allure Cream,4220206,
Spray Rose Gem Star Fuchsia,1574207,50.0
Spray Rose Ginger Light Pink,3395197,50.0
Spray Rose Hanoi Majolica Blush Pink,5536031,40.0
Spray Rose Hot Majolika Magenta,488842,50.0
Spray Rose Ilse Peach,488852,50.0
Spray Rose Majolika Light Pink,488905,50.0
Spray Rose Mambo Orange,488909,40.0
Spray Rose Mambo Orange,488910,50.0
Spray Rose Mykonos White,8699259,40.0
Spray Rose Mykonos White,8699260,50.0
Spray Rose Orange,488654,50.0
Spray Rose Orange Rosever Coral,14766510,40.0
Spray Rose Orange Rosever Coral,14766511,50.0
Spray Rose Polar Sensation White,3395182,
Spray Rose Porcelina Light Pink,884984,
Spray Rose Portrait Light Pink,8699359,40.0
Spray Rose Portrait Light Pink,8699376,50.0
Spray Rose Rainbow,15185469,
Spray Rose Red Mikado Dark Red,489018,50.0
Spray Rose Rubicon Dark Red,489033,50.0
Spray Rose Sahara Beige,884999,
Spray Rose Sahara Sensation Peach,885000,
Spray Rose Sedna Bicolor Pink,4220202,
Spray Rose Shining Star White,8699801,40.0
Spray Rose Shining Star White,8699867,50.0
Spray Rose Snow Flake White,489076,40.0
Spray Rose Snow Flake White,489077,50.0
Spray Rose Star Blush Blush,489092,50.0
Spray Rose Sun City Yellow,489097,50.0
Spray Rose Sweet Sensation Pink,489116,50.0
Spray Rose Twinkle Bride Pink,489136,50.0
Spray Rose Viviane White,489146,50.0
Spray Rose White Majolika Cream,489149,40.0
Spray Rose White Majolika Cream,489151,50.0
Spray Rose White Majolika Cream,489152,60.0
Spray Rose Yellow,488684,50.0
Spray Rose Yellow Babe Yellow,489176,50.0
Springerii Green,517803,
Springerii Green,517803,
Statice Assorted,489881,
Statice Tissue Culture Lavender,489895,
Statice Tissue Culture Pink,489897,
Statice Tissue Culture Purple,489898,
Statice Tissue Culture White,489899,
Statice Tissue Culture Yellow,489900,
Steel Grass Green,517809,
Stock Assorted Select,490631,
Stock Dark Purple Select,509709,
Stock Dark Seashell Cream/Pink,3849099,
Stock Hot Pink Select,490621,
Stock Lavender Select,490622,
Stock Peach Select,490624,
Stock Pink,645623,
Stock Purple Select,490626,
Stock Red Select,490627,
Stock White Select,490628,
Stock Yellow Select,509706,
Strawflower Mixed,517813,
Strawflower Peach,823108,
Strawflower Pink,1222499,
Strawflower White,517816,
Strawflower Yellow,517817,
Sunflower Black Center Yellow,517934,
Sunflower Black Center Yellow,517934,
Sunflower Miniature Yellow,627864,
Sunflower Miniature Yellow,627864,
Sweet Pea Assorted,517949,
Sweet Pea Coral,1006545,
Sweet Pea Cream,1055033,
Sweet Pea Dyed Orange/Red,2061246,
Sweet Pea Dyed Yellow,2576912,
Sweet Pea Hot Pink,517952,
Sweet Pea Japan Megumi Beige/Pink,939623,
Sweet Pea Lavender,517953,
Sweet Pea Miki Blush,4931281,
Sweet Pea Pink,517956,
Sweet Pea Yuki White,4931280,
Sweet William Assorted,517985,
Sweet William Hot Pink,517988,
Sweet William Purple,517989,
Sweet William Red,517990,
Sweet William White,517991,
Sword Fern Green,500368,
Sword Fern Green,500368,
Sword Fern Green,500368,
Sword Fern Green,500368,
Thlaspi (Penny Cress) Butterfly Green,1263661,
Trachelium Blue,489343,
Trachelium Blue,489343,
Trachelium Green,489344,
Trachelium Green,489344,
Trachelium White,489347,
Tree Fern Green,514165,
Tree Fern Green,514165,
Tweedia Blue,518245,
Tweedia White,518246,
Umbrella Fern Green,518250,
Veronica Assorted,513023,
Veronica Lavender,513025,
Veronica Light Pink,1055143,
Veronica Pink,513026,
Veronica Purple,513027,
Veronica White,513028,
Veronica White,513028,
Viburnum Foliage Lucidum Green,758195,
Wax Flower Pink,490005,
Wax Flower Purple,490006,
Wax Flower White,490007,
Yarrow Assorted,608138,
Yarrow Cottage Orange,490055,
Yarrow Cottage Red,1307520,
Yarrow Cottage White,490058,
Yarrow Yellow,966686,60.0
Yarrow Yellow,966686,60.0
Yarrow Yellow,966686,60.0
